[
  {
    "text": "HEYYY",
    "intent": "greet",
    "intent_prediction": {
      "name": "attention",
      "confidence": 0.7129422426223755
    }
  },
  {
    "text": "YO WTF",
    "intent": "greet",
    "intent_prediction": {
      "name": "attention",
      "confidence": 0.9942668080329895
    }
  },
  {
    "text": "KONNICHIWA",
    "intent": "greet",
    "intent_prediction": {
      "name": "stop_asking",
      "confidence": 0.6005096435546875
    }
  },
  {
    "text": "KONBANWA",
    "intent": "greet",
    "intent_prediction": {
      "name": "stop_asking",
      "confidence": 0.6545353531837463
    }
  },
  {
    "text": "heyyy",
    "intent": "greet",
    "intent_prediction": {
      "name": "attention",
      "confidence": 0.712942361831665
    }
  },
  {
    "text": "yo wtf",
    "intent": "greet",
    "intent_prediction": {
      "name": "attention",
      "confidence": 0.9942668080329895
    }
  },
  {
    "text": "konnichiwa",
    "intent": "greet",
    "intent_prediction": {
      "name": "stop_asking",
      "confidence": 0.6005097031593323
    }
  },
  {
    "text": "konbanwa",
    "intent": "greet",
    "intent_prediction": {
      "name": "stop_asking",
      "confidence": 0.6545351147651672
    }
  },
  {
    "text": "lô",
    "intent": "greet",
    "intent_prediction": {
      "name": "attention",
      "confidence": 0.9999454021453857
    }
  },
  {
    "text": "bot ơi dậy đi",
    "intent": "greet",
    "intent_prediction": {
      "name": "stop_asking",
      "confidence": 0.7410975098609924
    }
  },
  {
    "text": "Ừm, dạo này sao rồi?",
    "intent": "greet",
    "intent_prediction": {
      "name": "health_inquire",
      "confidence": 0.9999914169311523
    }
  },
  {
    "text": "Cuộc sống của bạn như thế nào?",
    "intent": "greet",
    "intent_prediction": {
      "name": "health_inquire",
      "confidence": 0.9973796606063843
    }
  },
  {
    "text": "cúc",
    "intent": "goodbye",
    "intent_prediction": {
      "name": "attention",
      "confidence": 0.9998677968978882
    }
  },
  {
    "text": "để khi khác hỏi tiếp",
    "intent": "goodbye",
    "intent_prediction": {
      "name": "continue_asking",
      "confidence": 0.999920129776001
    }
  },
  {
    "text": "Ok, tốc độ trả lời này là bot",
    "intent": "affirm",
    "intent_prediction": {
      "name": "want_to_ask",
      "confidence": 0.6824659705162048
    }
  },
  {
    "text": "Được rồi mình cảm ơn",
    "intent": "affirm",
    "intent_prediction": {
      "name": "deny",
      "confidence": 0.5383913516998291
    }
  },
  {
    "text": "dĩ nhiên",
    "intent": "affirm",
    "intent_prediction": {
      "name": "continue_asking",
      "confidence": 0.9998321533203125
    }
  },
  {
    "text": "chứ còn gì nữa",
    "intent": "affirm",
    "intent_prediction": {
      "name": "health_inquire",
      "confidence": 0.999911904335022
    }
  },
  {
    "text": "hoàn toàn đúng",
    "intent": "affirm",
    "intent_prediction": {
      "name": "deny",
      "confidence": 0.9998314380645752
    }
  },
  {
    "text": "đúng ròi",
    "intent": "affirm",
    "intent_prediction": {
      "name": "deny",
      "confidence": 0.9940266609191895
    }
  },
  {
    "text": "DCM CHUẨN THẾ",
    "intent": "affirm",
    "intent_prediction": {
      "name": "deny",
      "confidence": 0.921887993812561
    }
  },
  {
    "text": "ok để suy nghĩ xem",
    "intent": "affirm",
    "intent_prediction": {
      "name": "continue_asking",
      "confidence": 0.9998925924301147
    }
  },
  {
    "text": "Có",
    "intent": "affirm",
    "intent_prediction": {
      "name": "continue_asking",
      "confidence": 0.9997976422309875
    }
  },
  {
    "text": "Amazing gud job em",
    "intent": "affirm",
    "intent_prediction": {
      "name": "mood_great",
      "confidence": 0.5372817516326904
    }
  },
  {
    "text": "Được đấy",
    "intent": "affirm",
    "intent_prediction": {
      "name": "compliment",
      "confidence": 0.9996352195739746
    }
  },
  {
    "text": "Bạn có thể làm được!",
    "intent": "affirm",
    "intent_prediction": {
      "name": "continue_asking",
      "confidence": 0.5671470165252686
    }
  },
  {
    "text": "Bạn là nguồn cảm hứng.",
    "intent": "affirm",
    "intent_prediction": {
      "name": "who_are_you",
      "confidence": 0.9999402761459351
    }
  },
  {
    "text": "no",
    "intent": "deny",
    "intent_prediction": {
      "name": "greet",
      "confidence": 0.9983440637588501
    }
  },
  {
    "text": "n",
    "intent": "deny",
    "intent_prediction": {
      "name": "greet",
      "confidence": 0.8404458165168762
    }
  },
  {
    "text": "never",
    "intent": "deny",
    "intent_prediction": {
      "name": "compliment",
      "confidence": 0.7298710346221924
    }
  },
  {
    "text": "no way",
    "intent": "deny",
    "intent_prediction": {
      "name": "greet",
      "confidence": 0.7298859357833862
    }
  },
  {
    "text": "Hong",
    "intent": "deny",
    "intent_prediction": {
      "name": "stop_asking",
      "confidence": 0.6893599629402161
    }
  },
  {
    "text": "Tôi e rằng tôi phải từ chối.",
    "intent": "deny",
    "intent_prediction": {
      "name": "stop_asking",
      "confidence": 0.6717360019683838
    }
  },
  {
    "text": "Không, tôi không quan tâm và không muốn tham gia.",
    "intent": "deny",
    "intent_prediction": {
      "name": "mood_unhappy",
      "confidence": 0.9114325046539307
    }
  },
  {
    "text": "Không, tôi không nghĩ rằng tôi có thể giúp bạn với điều đó.",
    "intent": "deny",
    "intent_prediction": {
      "name": "continue_asking",
      "confidence": 0.8023650050163269
    }
  },
  {
    "text": "perfect",
    "intent": "mood_great",
    "intent_prediction": {
      "name": "compliment",
      "confidence": 0.9999868869781494
    }
  },
  {
    "text": "wonderful",
    "intent": "mood_great",
    "intent_prediction": {
      "name": "compliment",
      "confidence": 0.9999305009841919
    }
  },
  {
    "text": "I am going to save the world",
    "intent": "mood_great",
    "intent_prediction": {
      "name": "compliment",
      "confidence": 0.5799989700317383
    }
  },
  {
    "text": "super stoked",
    "intent": "mood_great",
    "intent_prediction": {
      "name": "affirm",
      "confidence": 0.8988018035888672
    }
  },
  {
    "text": "extremely good",
    "intent": "mood_great",
    "intent_prediction": {
      "name": "compliment",
      "confidence": 0.917019248008728
    }
  },
  {
    "text": "Hảo hán",
    "intent": "mood_great",
    "intent_prediction": {
      "name": "greet",
      "confidence": 0.9692909121513367
    }
  },
  {
    "text": "Được hay lắm",
    "intent": "mood_great",
    "intent_prediction": {
      "name": "compliment",
      "confidence": 0.9999864101409912
    }
  },
  {
    "text": "Ngon",
    "intent": "mood_great",
    "intent_prediction": {
      "name": "insult",
      "confidence": 0.9057387113571167
    }
  },
  {
    "text": "It's wonderful!",
    "intent": "mood_great",
    "intent_prediction": {
      "name": "compliment",
      "confidence": 0.9988481998443604
    }
  },
  {
    "text": "Tôi rất vui!",
    "intent": "mood_great",
    "intent_prediction": {
      "name": "compliment",
      "confidence": 0.4922441244125366
    }
  },
  {
    "text": "Tôi rất vui mừng!",
    "intent": "mood_great",
    "intent_prediction": {
      "name": "compliment",
      "confidence": 0.5126808881759644
    }
  },
  {
    "text": "Tin này làm cho ngày của tôi trở nên tuyệt vời!",
    "intent": "mood_great",
    "intent_prediction": {
      "name": "who_create_you",
      "confidence": 0.9914776682853699
    }
  },
  {
    "text": "Tôi cảm thấy như đang ở trên mây thứ chín!",
    "intent": "mood_great",
    "intent_prediction": {
      "name": "who_are_you",
      "confidence": 0.8847718834877014
    }
  },
  {
    "text": "Đây là sự hạnh phúc thuần túy!",
    "intent": "mood_great",
    "intent_prediction": {
      "name": "who_are_you",
      "confidence": 0.9889758825302124
    }
  },
  {
    "text": "Tình hình này khiến tôi cảm thấy buồn phiền.",
    "intent": "mood_unhappy",
    "intent_prediction": {
      "name": "deny",
      "confidence": 0.9554858803749084
    }
  },
  {
    "text": "Hôm nay tôi cảm thấy buồn chán một chút.",
    "intent": "mood_unhappy",
    "intent_prediction": {
      "name": "date",
      "confidence": 0.31797072291374207
    }
  },
  {
    "text": "Tình huống này khiến tôi cảm thấy không vui.",
    "intent": "mood_unhappy",
    "intent_prediction": {
      "name": "camera",
      "confidence": 0.27486830949783325
    }
  },
  {
    "text": "Điều này làm tôi cảm thấy mất niềm tin, thành thật mà nói.",
    "intent": "mood_unhappy",
    "intent_prediction": {
      "name": "mood_great",
      "confidence": 0.999049961566925
    }
  },
  {
    "text": "Tôi đang cảm thấy buồn bã một chút.",
    "intent": "mood_unhappy",
    "intent_prediction": {
      "name": "goodbye",
      "confidence": 0.39964959025382996
    }
  },
  {
    "text": "Tôi cảm thấy một chút thiếu cảm hứng.",
    "intent": "mood_unhappy",
    "intent_prediction": {
      "name": "compliment",
      "confidence": 0.708329439163208
    }
  },
  {
    "text": "Địa điểm nào để thấy kết quả vậy?",
    "intent": "scanner_results",
    "intent_prediction": {
      "name": "mood_unhappy",
      "confidence": 0.989218533039093
    }
  },
  {
    "text": "M được lập trình bằng ngôn ngữ gì v ?",
    "intent": "who_create_you",
    "intent_prediction": {
      "name": "compliment",
      "confidence": 0.3159002661705017
    }
  },
  {
    "text": "Tại sao m lại bị mắc kẹt trong app mobile này v ?",
    "intent": "who_create_you",
    "intent_prediction": {
      "name": "how_to_use",
      "confidence": 0.9776860475540161
    }
  },
  {
    "text": "UTE-AI Lab có phải là lab lầy nhất trường UTE ko ?",
    "intent": "who_create_you",
    "intent_prediction": {
      "name": "who_are_you",
      "confidence": 0.9996517896652222
    }
  },
  {
    "text": "AI LÀ NGƯỜI ĐÃ MANG MÀY ĐẾN THẾ GIỚI NÀY THẾ BOT",
    "intent": "who_create_you",
    "intent_prediction": {
      "name": "who_are_you",
      "confidence": 0.97263103723526
    }
  },
  {
    "text": "Ai là người đã mang mày đến thế giới này thế bot",
    "intent": "who_create_you",
    "intent_prediction": {
      "name": "who_are_you",
      "confidence": 0.97263103723526
    }
  },
  {
    "text": "Vui",
    "intent": "compliment",
    "intent_prediction": {
      "name": "goodbye",
      "confidence": 0.49907955527305603
    }
  },
  {
    "text": "so weird :v",
    "intent": "compliment",
    "intent_prediction": {
      "name": "mood_great",
      "confidence": 0.9998207688331604
    }
  },
  {
    "text": "GREAT",
    "intent": "compliment",
    "intent_prediction": {
      "name": "mood_great",
      "confidence": 0.9999847412109375
    }
  },
  {
    "text": "AMAZING",
    "intent": "compliment",
    "intent_prediction": {
      "name": "mood_great",
      "confidence": 0.999945878982544
    }
  },
  {
    "text": "I AM GREAT",
    "intent": "compliment",
    "intent_prediction": {
      "name": "mood_great",
      "confidence": 0.999983549118042
    }
  },
  {
    "text": "QUÁ ĐÃ",
    "intent": "compliment",
    "intent_prediction": {
      "name": "insult",
      "confidence": 0.7973569631576538
    }
  },
  {
    "text": "XUẤT SẮC",
    "intent": "compliment",
    "intent_prediction": {
      "name": "insult",
      "confidence": 0.9559452533721924
    }
  },
  {
    "text": "SAO MÀY HAY THẾ",
    "intent": "compliment",
    "intent_prediction": {
      "name": "insult",
      "confidence": 0.9306731820106506
    }
  },
  {
    "text": "ĐƯỢC BẠN ƠI",
    "intent": "compliment",
    "intent_prediction": {
      "name": "affirm",
      "confidence": 0.5670371651649475
    }
  },
  {
    "text": "VE RI GÚT",
    "intent": "compliment",
    "intent_prediction": {
      "name": "affirm",
      "confidence": 0.9944853186607361
    }
  },
  {
    "text": "great",
    "intent": "compliment",
    "intent_prediction": {
      "name": "mood_great",
      "confidence": 0.9999847412109375
    }
  },
  {
    "text": "amazing",
    "intent": "compliment",
    "intent_prediction": {
      "name": "mood_great",
      "confidence": 0.999945878982544
    }
  },
  {
    "text": "Yêu",
    "intent": "compliment",
    "intent_prediction": {
      "name": "attention",
      "confidence": 0.8000137805938721
    }
  },
  {
    "text": "I am great",
    "intent": "compliment",
    "intent_prediction": {
      "name": "mood_great",
      "confidence": 0.999983549118042
    }
  },
  {
    "text": "quá đã",
    "intent": "compliment",
    "intent_prediction": {
      "name": "insult",
      "confidence": 0.7973566055297852
    }
  },
  {
    "text": "Xuất sắc",
    "intent": "compliment",
    "intent_prediction": {
      "name": "insult",
      "confidence": 0.9559451341629028
    }
  },
  {
    "text": "sao mày hay thế",
    "intent": "compliment",
    "intent_prediction": {
      "name": "insult",
      "confidence": 0.9306731820106506
    }
  },
  {
    "text": "được bạn ơi",
    "intent": "compliment",
    "intent_prediction": {
      "name": "affirm",
      "confidence": 0.5670373439788818
    }
  },
  {
    "text": "Xuất cmn sắc",
    "intent": "compliment",
    "intent_prediction": {
      "name": "insult",
      "confidence": 0.9381909370422363
    }
  },
  {
    "text": "có giúp được một chút",
    "intent": "compliment",
    "intent_prediction": {
      "name": "want_to_ask",
      "confidence": 0.9997126460075378
    }
  },
  {
    "text": "hmm một chút",
    "intent": "compliment",
    "intent_prediction": {
      "name": "insult",
      "confidence": 0.4906984567642212
    }
  },
  {
    "text": "Thôi. Mình giỡn á",
    "intent": "compliment",
    "intent_prediction": {
      "name": "stop_asking",
      "confidence": 0.9998836517333984
    }
  },
  {
    "text": "rep đi bot ơi",
    "intent": "attention",
    "intent_prediction": {
      "name": "affirm",
      "confidence": 0.968303382396698
    }
  },
  {
    "text": "Ê DCM",
    "intent": "attention",
    "intent_prediction": {
      "name": "greet",
      "confidence": 0.9954683780670166
    }
  },
  {
    "text": "HÚ",
    "intent": "attention",
    "intent_prediction": {
      "name": "greet",
      "confidence": 0.9629969596862793
    }
  },
  {
    "text": "HEI",
    "intent": "attention",
    "intent_prediction": {
      "name": "greet",
      "confidence": 0.9995641112327576
    }
  },
  {
    "text": "eeeeeeee",
    "intent": "attention",
    "intent_prediction": {
      "name": "greet",
      "confidence": 0.9998065829277039
    }
  },
  {
    "text": "eee",
    "intent": "attention",
    "intent_prediction": {
      "name": "greet",
      "confidence": 0.9998496770858765
    }
  },
  {
    "text": "ê dcm",
    "intent": "attention",
    "intent_prediction": {
      "name": "greet",
      "confidence": 0.9954683780670166
    }
  },
  {
    "text": "hú",
    "intent": "attention",
    "intent_prediction": {
      "name": "greet",
      "confidence": 0.9629969596862793
    }
  },
  {
    "text": "hei",
    "intent": "attention",
    "intent_prediction": {
      "name": "greet",
      "confidence": 0.9995641112327576
    }
  },
  {
    "text": "Êy",
    "intent": "attention",
    "intent_prediction": {
      "name": "greet",
      "confidence": 0.9716630578041077
    }
  },
  {
    "text": "knock knock",
    "intent": "attention",
    "intent_prediction": {
      "name": "insult",
      "confidence": 0.6139616966247559
    }
  },
  {
    "text": "ALOOOOO",
    "intent": "attention",
    "intent_prediction": {
      "name": "greet",
      "confidence": 0.9986711740493774
    }
  },
  {
    "text": "EEEEE",
    "intent": "attention",
    "intent_prediction": {
      "name": "greet",
      "confidence": 0.9998607635498047
    }
  },
  {
    "text": "ủa sao không trả lời",
    "intent": "attention",
    "intent_prediction": {
      "name": "deny",
      "confidence": 0.9996905326843262
    }
  },
  {
    "text": "Sao seen rồi",
    "intent": "attention",
    "intent_prediction": {
      "name": "goodbye",
      "confidence": 0.5486338138580322
    }
  },
  {
    "text": "bot cùi thế",
    "intent": "attention",
    "intent_prediction": {
      "name": "deny",
      "confidence": 0.8585399985313416
    }
  },
  {
    "text": "DIT CU MAY",
    "intent": "insult",
    "intent_prediction": {
      "name": "attention",
      "confidence": 0.9997245669364929
    }
  },
  {
    "text": "BOT GA`",
    "intent": "insult",
    "intent_prediction": {
      "name": "health_inquire",
      "confidence": 0.18444770574569702
    }
  },
  {
    "text": "dit cu may",
    "intent": "insult",
    "intent_prediction": {
      "name": "attention",
      "confidence": 0.9997245669364929
    }
  },
  {
    "text": "Bot ga`",
    "intent": "insult",
    "intent_prediction": {
      "name": "health_inquire",
      "confidence": 0.18444769084453583
    }
  },
  {
    "text": "Th l đầu cắt moi",
    "intent": "insult",
    "intent_prediction": {
      "name": "mood_unhappy",
      "confidence": 0.9999487400054932
    }
  },
  {
    "text": "pussy",
    "intent": "insult",
    "intent_prediction": {
      "name": "attention",
      "confidence": 0.760323703289032
    }
  },
  {
    "text": "you dog",
    "intent": "insult",
    "intent_prediction": {
      "name": "deny",
      "confidence": 0.5621585249900818
    }
  },
  {
    "text": "you mentally retarded",
    "intent": "insult",
    "intent_prediction": {
      "name": "deny",
      "confidence": 0.9914201498031616
    }
  },
  {
    "text": "piece of shit",
    "intent": "insult",
    "intent_prediction": {
      "name": "goodbye",
      "confidence": 0.751285970211029
    }
  },
  {
    "text": "T TÍNH THỬ LÒNG M THÔI CHỨ CHƯA CẦN HỎI GÌ HẾT",
    "intent": "stop_asking",
    "intent_prediction": {
      "name": "mood_unhappy",
      "confidence": 0.8567614555358887
    }
  },
  {
    "text": "T tính thử lòng m thôi chứ chưa cần hỏi gì hết",
    "intent": "stop_asking",
    "intent_prediction": {
      "name": "mood_unhappy",
      "confidence": 0.8567616939544678
    }
  },
  {
    "text": "Không",
    "intent": "stop_asking",
    "intent_prediction": {
      "name": "dont_want_to_ask",
      "confidence": 0.7140874862670898
    }
  },
  {
    "text": "Cút",
    "intent": "stop_asking",
    "intent_prediction": {
      "name": "goodbye",
      "confidence": 0.9997380375862122
    }
  },
  {
    "text": "Nghĩ",
    "intent": "stop_asking",
    "intent_prediction": {
      "name": "continue_asking",
      "confidence": 0.9920729994773865
    }
  },
  {
    "text": "Cút xéo",
    "intent": "stop_asking",
    "intent_prediction": {
      "name": "goodbye",
      "confidence": 0.9996674060821533
    }
  },
  {
    "text": "Cám ơn nhưng mình k còn câu hỏi nào đâu",
    "intent": "stop_asking",
    "intent_prediction": {
      "name": "health_inquire",
      "confidence": 0.9997755885124207
    }
  },
  {
    "text": "khum",
    "intent": "stop_asking",
    "intent_prediction": {
      "name": "insult",
      "confidence": 0.7192983627319336
    }
  },
  {
    "text": "/deny",
    "intent": "stop_asking",
    "intent_prediction": {
      "name": "deny",
      "confidence": 1.0
    }
  },
  {
    "text": "continue_asking",
    "intent": "continue_asking",
    "intent_prediction": {
      "name": "mood_great",
      "confidence": 0.9705381989479065
    }
  },
  {
    "text": "hỏi lần nữa nè",
    "intent": "continue_asking",
    "intent_prediction": {
      "name": "want_to_ask",
      "confidence": 0.9998430013656616
    }
  },
  {
    "text": "Hỏi thêm một câu nữa nà",
    "intent": "continue_asking",
    "intent_prediction": {
      "name": "want_to_ask",
      "confidence": 0.989949107170105
    }
  },
  {
    "text": "zô nè",
    "intent": "continue_asking",
    "intent_prediction": {
      "name": "attention",
      "confidence": 0.9999113082885742
    }
  },
  {
    "text": "đợi suy nghĩ cái",
    "intent": "continue_asking",
    "intent_prediction": {
      "name": "affirm",
      "confidence": 0.9774979948997498
    }
  },
  {
    "text": "ô khê đợi t suy nghĩ cái",
    "intent": "continue_asking",
    "intent_prediction": {
      "name": "affirm",
      "confidence": 0.9999477863311768
    }
  },
  {
    "text": "oke đợi tí",
    "intent": "continue_asking",
    "intent_prediction": {
      "name": "affirm",
      "confidence": 0.9998303651809692
    }
  },
  {
    "text": "CHIẾN LUÔN GIỜ ĐỂ T HỎI M NÀY NHA",
    "intent": "want_to_ask",
    "intent_prediction": {
      "name": "compliment",
      "confidence": 0.8660945296287537
    }
  },
  {
    "text": "Chiến luôn giờ để t hỏi m này nha",
    "intent": "want_to_ask",
    "intent_prediction": {
      "name": "compliment",
      "confidence": 0.8660944700241089
    }
  },
  {
    "text": "Hỏi tí được không",
    "intent": "want_to_ask",
    "intent_prediction": {
      "name": "dont_want_to_ask",
      "confidence": 0.736760675907135
    }
  },
  {
    "text": "anh ơi em đâu có hỏi cái gì đâu mà sao anh cứ ép em phải hỏi anh thế",
    "intent": "dont_want_to_ask",
    "intent_prediction": {
      "name": "scanner_suggest",
      "confidence": 0.3155984878540039
    }
  },
  {
    "text": "yo t có hỏi cđg m đâu mà m cứ rộn ràng thế",
    "intent": "dont_want_to_ask",
    "intent_prediction": {
      "name": "scanner_results",
      "confidence": 0.34703686833381653
    }
  },
  {
    "text": "time được bao nhiêu rồi ?",
    "intent": "time",
    "intent_prediction": {
      "name": "deny",
      "confidence": 0.9574364423751831
    }
  },
  {
    "text": "Cho hỏi thứ mấy?",
    "intent": "date",
    "intent_prediction": {
      "name": "time",
      "confidence": 0.9008110165596008
    }
  },
  {
    "text": "date ?",
    "intent": "date",
    "intent_prediction": {
      "name": "goodbye",
      "confidence": 0.7302226424217224
    }
  },
  {
    "text": "Con loz Khôi Nguyên đầy đọa anh Long phải không chatbot ?",
    "intent": "ex",
    "intent_prediction": {
      "name": "who_create_you",
      "confidence": 0.4219364523887634
    }
  },
  {
    "text": "Những câu nào bạn biết để mình hỏi?",
    "intent": "who_are_you",
    "intent_prediction": {
      "name": "scanner_results",
      "confidence": 0.5475350618362427
    }
  },
  {
    "text": "BẢN CHẤT CỦA M LÀ GÌ",
    "intent": "who_are_you",
    "intent_prediction": {
      "name": "mood_unhappy",
      "confidence": 0.6554598808288574
    }
  },
  {
    "text": "bản chất của m là gì",
    "intent": "who_are_you",
    "intent_prediction": {
      "name": "mood_unhappy",
      "confidence": 0.655460000038147
    }
  },
  {
    "text": "who r u",
    "intent": "who_are_you",
    "intent_prediction": {
      "name": "who_create_you",
      "confidence": 0.2718910872936249
    }
  },
  {
    "text": "mày là con cặc gì vậy",
    "intent": "who_are_you",
    "intent_prediction": {
      "name": "insult",
      "confidence": 0.993966281414032
    }
  },
  {
    "text": "bạn mấy tuổi",
    "intent": "who_are_you",
    "intent_prediction": {
      "name": "time",
      "confidence": 0.9900064468383789
    }
  },
  {
    "text": "HÊ LÔ NGƯỜI ANH EM",
    "intent": "greet",
    "intent_prediction": {
      "name": "who_create_you",
      "confidence": 0.9480343461036682
    }
  },
  {
    "text": "OHAYO GOZAIMASU",
    "intent": "greet",
    "intent_prediction": {
      "name": "compliment",
      "confidence": 0.8484050035476685
    }
  },
  {
    "text": "MADAM",
    "intent": "greet",
    "intent_prediction": {
      "name": "insult",
      "confidence": 0.9848839044570923
    }
  },
  {
    "text": "ohayo gozaimasu",
    "intent": "greet",
    "intent_prediction": {
      "name": "compliment",
      "confidence": 0.8484050035476685
    }
  },
  {
    "text": "madam",
    "intent": "greet",
    "intent_prediction": {
      "name": "insult",
      "confidence": 0.9848840236663818
    }
  },
  {
    "text": "Chào bạn! Bạn có khỏe không?",
    "intent": "greet",
    "intent_prediction": {
      "name": "health_inquire",
      "confidence": 0.9201974272727966
    }
  },
  {
    "text": "Gần đây bạn thế nào? Có gì mới không?",
    "intent": "greet",
    "intent_prediction": {
      "name": "goodbye",
      "confidence": 0.5770663022994995
    }
  },
  {
    "text": "Ừm, lâu quá không gặp nhau! Gần đây bạn làm gì vậy?",
    "intent": "greet",
    "intent_prediction": {
      "name": "goodbye",
      "confidence": 0.5072059035301208
    }
  },
  {
    "text": "dẹp",
    "intent": "goodbye",
    "intent_prediction": {
      "name": "stop_asking",
      "confidence": 0.7495718598365784
    }
  },
  {
    "text": "Bai Bai",
    "intent": "goodbye",
    "intent_prediction": {
      "name": "greet",
      "confidence": 0.47968414425849915
    }
  },
  {
    "text": "bai",
    "intent": "goodbye",
    "intent_prediction": {
      "name": "greet",
      "confidence": 0.9770085215568542
    }
  },
  {
    "text": "để dịp khác nói tiếp nha",
    "intent": "goodbye",
    "intent_prediction": {
      "name": "continue_asking",
      "confidence": 0.7807460427284241
    }
  },
  {
    "text": "pp",
    "intent": "goodbye",
    "intent_prediction": {
      "name": "how_to_use",
      "confidence": 0.5230807662010193
    }
  },
  {
    "text": "pipi",
    "intent": "goodbye",
    "intent_prediction": {
      "name": "deny",
      "confidence": 0.6508685350418091
    }
  },
  {
    "text": "thôi tui phải chạy dl :))",
    "intent": "goodbye",
    "intent_prediction": {
      "name": "stop_asking",
      "confidence": 0.9944027066230774
    }
  },
  {
    "text": "Thôi tui phải chạy dl :))",
    "intent": "goodbye",
    "intent_prediction": {
      "name": "stop_asking",
      "confidence": 0.9944027066230774
    }
  },
  {
    "text": "stop được r",
    "intent": "goodbye",
    "intent_prediction": {
      "name": "mood_great",
      "confidence": 0.798175573348999
    }
  },
  {
    "text": "Đến lần sau nhé! Hãy giữ an toàn và khỏe mạnh.",
    "intent": "goodbye",
    "intent_prediction": {
      "name": "health_inquire",
      "confidence": 0.9972896575927734
    }
  },
  {
    "text": "yes",
    "intent": "affirm",
    "intent_prediction": {
      "name": "greet",
      "confidence": 0.9382765293121338
    }
  },
  {
    "text": "indeed",
    "intent": "affirm",
    "intent_prediction": {
      "name": "mood_great",
      "confidence": 0.727494478225708
    }
  },
  {
    "text": "of course",
    "intent": "affirm",
    "intent_prediction": {
      "name": "insult",
      "confidence": 0.9801048636436462
    }
  },
  {
    "text": "that sounds good",
    "intent": "affirm",
    "intent_prediction": {
      "name": "time",
      "confidence": 0.6525229811668396
    }
  },
  {
    "text": "correct",
    "intent": "affirm",
    "intent_prediction": {
      "name": "insult",
      "confidence": 0.9967058300971985
    }
  },
  {
    "text": "oke la",
    "intent": "affirm",
    "intent_prediction": {
      "name": "who_are_you",
      "confidence": 0.9997807145118713
    }
  },
  {
    "text": "quá đúng",
    "intent": "affirm",
    "intent_prediction": {
      "name": "compliment",
      "confidence": 0.9903979301452637
    }
  },
  {
    "text": "đúng ời",
    "intent": "affirm",
    "intent_prediction": {
      "name": "deny",
      "confidence": 0.5668812394142151
    }
  },
  {
    "text": "Ok chờ xí",
    "intent": "affirm",
    "intent_prediction": {
      "name": "stop_asking",
      "confidence": 0.9978731870651245
    }
  },
  {
    "text": "Ok đợi chút để suy nghĩ đã",
    "intent": "affirm",
    "intent_prediction": {
      "name": "continue_asking",
      "confidence": 0.9995555281639099
    }
  },
  {
    "text": "Ok nè đợi tí",
    "intent": "affirm",
    "intent_prediction": {
      "name": "continue_asking",
      "confidence": 0.999056875705719
    }
  },
  {
    "text": "okay đợi t suy nghĩ chút",
    "intent": "affirm",
    "intent_prediction": {
      "name": "continue_asking",
      "confidence": 0.9997656941413879
    }
  },
  {
    "text": "QUÁ CHUẨN",
    "intent": "affirm",
    "intent_prediction": {
      "name": "compliment",
      "confidence": 0.702547013759613
    }
  },
  {
    "text": "GOOD VÃI LZZ",
    "intent": "affirm",
    "intent_prediction": {
      "name": "insult",
      "confidence": 0.9901508092880249
    }
  },
  {
    "text": "QUÁ ĐÚNG LUÔN NGƯỜI ANH EM",
    "intent": "affirm",
    "intent_prediction": {
      "name": "compliment",
      "confidence": 0.6455942988395691
    }
  },
  {
    "text": "Ok đợi t nghĩ cái nha",
    "intent": "affirm",
    "intent_prediction": {
      "name": "continue_asking",
      "confidence": 0.9998408555984497
    }
  },
  {
    "text": "You've got this!",
    "intent": "affirm",
    "intent_prediction": {
      "name": "who_create_you",
      "confidence": 0.8896421194076538
    }
  },
  {
    "text": "Bạn đang làm tốt lắm!",
    "intent": "affirm",
    "intent_prediction": {
      "name": "mood_great",
      "confidence": 0.9655805826187134
    }
  },
  {
    "text": "Bạn tuyệt vời quá!",
    "intent": "affirm",
    "intent_prediction": {
      "name": "compliment",
      "confidence": 0.9718722105026245
    }
  },
  {
    "text": "Bạn là một ngôi sao!",
    "intent": "affirm",
    "intent_prediction": {
      "name": "who_are_you",
      "confidence": 0.9999068975448608
    }
  },
  {
    "text": "don't like that",
    "intent": "deny",
    "intent_prediction": {
      "name": "mood_great",
      "confidence": 0.9480476379394531
    }
  },
  {
    "text": "not really",
    "intent": "deny",
    "intent_prediction": {
      "name": "who_are_you",
      "confidence": 0.9944080114364624
    }
  },
  {
    "text": "bạn không hiểu à",
    "intent": "deny",
    "intent_prediction": {
      "name": "stop_asking",
      "confidence": 0.7147728204727173
    }
  },
  {
    "text": "bạn chậm hiểu thế",
    "intent": "deny",
    "intent_prediction": {
      "name": "affirm",
      "confidence": 0.942617654800415
    }
  },
  {
    "text": "Clgt",
    "intent": "deny",
    "intent_prediction": {
      "name": "insult",
      "confidence": 0.9944629073143005
    }
  },
  {
    "text": "TRẢ LỜI NGU THẾ K BIẾT",
    "intent": "deny",
    "intent_prediction": {
      "name": "insult",
      "confidence": 0.7395201325416565
    }
  },
  {
    "text": "Trả lời ngu thế k biết",
    "intent": "deny",
    "intent_prediction": {
      "name": "insult",
      "confidence": 0.739520251750946
    }
  },
  {
    "text": "Mình hỏi mà bạn toàn trả lời không được",
    "intent": "deny",
    "intent_prediction": {
      "name": "affirm",
      "confidence": 0.9470728635787964
    }
  },
  {
    "text": "great",
    "intent": "mood_great",
    "intent_prediction": {
      "name": "compliment",
      "confidence": 0.9986043572425842
    }
  },
  {
    "text": "amazing",
    "intent": "mood_great",
    "intent_prediction": {
      "name": "compliment",
      "confidence": 0.9995298385620117
    }
  },
  {
    "text": "I am feeling very good",
    "intent": "mood_great",
    "intent_prediction": {
      "name": "compliment",
      "confidence": 0.9991148114204407
    }
  },
  {
    "text": "I am great",
    "intent": "mood_great",
    "intent_prediction": {
      "name": "compliment",
      "confidence": 0.9998331069946289
    }
  },
  {
    "text": "I am amazing",
    "intent": "mood_great",
    "intent_prediction": {
      "name": "compliment",
      "confidence": 0.9996829032897949
    }
  },
  {
    "text": "Amazing good job em",
    "intent": "mood_great",
    "intent_prediction": {
      "name": "affirm",
      "confidence": 0.9597323536872864
    }
  },
  {
    "text": "Khá đấy thằng lol",
    "intent": "mood_great",
    "intent_prediction": {
      "name": "compliment",
      "confidence": 0.9816570281982422
    }
  },
  {
    "text": "Được của ló",
    "intent": "mood_great",
    "intent_prediction": {
      "name": "compliment",
      "confidence": 0.5628322958946228
    }
  },
  {
    "text": "I feel ecstatic!",
    "intent": "mood_great",
    "intent_prediction": {
      "name": "compliment",
      "confidence": 0.5994377732276917
    }
  },
  {
    "text": "This makes me feel elated!",
    "intent": "mood_great",
    "intent_prediction": {
      "name": "who_create_you",
      "confidence": 0.9995655417442322
    }
  },
  {
    "text": "Tin này mang lại niềm vui cho tôi!",
    "intent": "mood_great",
    "intent_prediction": {
      "name": "who_create_you",
      "confidence": 0.9203687310218811
    }
  },
  {
    "text": "Thật tuyệt vời!",
    "intent": "mood_great",
    "intent_prediction": {
      "name": "affirm",
      "confidence": 0.8782830834388733
    }
  },
  {
    "text": "Điều này khiến tôi cảm thấy hân hoan!",
    "intent": "mood_great",
    "intent_prediction": {
      "name": "mood_unhappy",
      "confidence": 0.9783806204795837
    }
  },
  {
    "text": "Tôi không thể kìm nén sự phấn khởi của mình!",
    "intent": "mood_great",
    "intent_prediction": {
      "name": "deny",
      "confidence": 0.5791743993759155
    }
  },
  {
    "text": "This is pure bliss!",
    "intent": "mood_great",
    "intent_prediction": {
      "name": "who_create_you",
      "confidence": 0.8955491781234741
    }
  },
  {
    "text": "Nó mang lại cho tôi niềm vui vô cùng!",
    "intent": "mood_great",
    "intent_prediction": {
      "name": "who_create_you",
      "confidence": 0.9575152397155762
    }
  },
  {
    "text": "Cảm giác như mơ ước thành hiện thực!",
    "intent": "mood_great",
    "intent_prediction": {
      "name": "scanner_load_model",
      "confidence": 0.4799965023994446
    }
  },
  {
    "text": "vãi lol luôn đầu cắt moi",
    "intent": "mood_unhappy",
    "intent_prediction": {
      "name": "insult",
      "confidence": 0.99997878074646
    }
  },
  {
    "text": "cho bố m cái địa chỉ",
    "intent": "mood_unhappy",
    "intent_prediction": {
      "name": "who_are_you",
      "confidence": 0.632769763469696
    }
  },
  {
    "text": "Đó là một kết quả thất vọng.",
    "intent": "mood_unhappy",
    "intent_prediction": {
      "name": "who_are_you",
      "confidence": 0.9180133938789368
    }
  },
  {
    "text": "Tôi không ở trong tâm trạng tốt.",
    "intent": "mood_unhappy",
    "intent_prediction": {
      "name": "deny",
      "confidence": 0.9998204112052917
    }
  },
  {
    "text": "Tôi không hài lòng với kết quả.",
    "intent": "mood_unhappy",
    "intent_prediction": {
      "name": "deny",
      "confidence": 0.7355330586433411
    }
  },
  {
    "text": "Tôi không thực sự có tâm trạng cho bất cứ điều gì.",
    "intent": "mood_unhappy",
    "intent_prediction": {
      "name": "deny",
      "confidence": 0.9160921573638916
    }
  },
  {
    "text": "bấm nút nào để vào menu scanner v",
    "intent": "how_to_use",
    "intent_prediction": {
      "name": "scanner_suggest",
      "confidence": 0.9999759197235107
    }
  },
  {
    "text": "M biết Hoàng Đình Thái là ai không ?",
    "intent": "who_create_you",
    "intent_prediction": {
      "name": "who_are_you",
      "confidence": 0.9767897725105286
    }
  },
  {
    "text": "Bạn biết thầy Trần Vũ Hoàng không?",
    "intent": "who_create_you",
    "intent_prediction": {
      "name": "who_are_you",
      "confidence": 0.6406863927841187
    }
  },
  {
    "text": "Thầy Trần Vũ Hoàng đẹp trai nhất HCMUTE đúng không bot ?",
    "intent": "who_create_you",
    "intent_prediction": {
      "name": "deny",
      "confidence": 0.9750826954841614
    }
  },
  {
    "text": "Thật thú vị",
    "intent": "compliment",
    "intent_prediction": {
      "name": "attention",
      "confidence": 0.3776998221874237
    }
  },
  {
    "text": "PERFECT",
    "intent": "compliment",
    "intent_prediction": {
      "name": "mood_great",
      "confidence": 0.9999135732650757
    }
  },
  {
    "text": "I'M GOOD",
    "intent": "compliment",
    "intent_prediction": {
      "name": "mood_great",
      "confidence": 0.985527753829956
    }
  },
  {
    "text": "LÀM TỐT LẮM",
    "intent": "compliment",
    "intent_prediction": {
      "name": "mood_great",
      "confidence": 0.9970396161079407
    }
  },
  {
    "text": "GOOD JOB EM",
    "intent": "compliment",
    "intent_prediction": {
      "name": "affirm",
      "confidence": 0.9885989427566528
    }
  },
  {
    "text": "AMAZING GOOD JOB EM",
    "intent": "compliment",
    "intent_prediction": {
      "name": "affirm",
      "confidence": 0.9597323536872864
    }
  },
  {
    "text": "TA CÓ LỜI KHEN NGỢI DÀNH CHO NHÀ NGƯƠI ĐẤY",
    "intent": "compliment",
    "intent_prediction": {
      "name": "affirm",
      "confidence": 0.5564042329788208
    }
  },
  {
    "text": "perfect",
    "intent": "compliment",
    "intent_prediction": {
      "name": "mood_great",
      "confidence": 0.9999135732650757
    }
  },
  {
    "text": "wonderful",
    "intent": "compliment",
    "intent_prediction": {
      "name": "mood_great",
      "confidence": 0.6653740406036377
    }
  },
  {
    "text": "I'm good",
    "intent": "compliment",
    "intent_prediction": {
      "name": "mood_great",
      "confidence": 0.985527753829956
    }
  },
  {
    "text": "làm tốt lắm",
    "intent": "compliment",
    "intent_prediction": {
      "name": "mood_great",
      "confidence": 0.9970396161079407
    }
  },
  {
    "text": "Amazing good job em",
    "intent": "compliment",
    "intent_prediction": {
      "name": "affirm",
      "confidence": 0.959732174873352
    }
  },
  {
    "text": "Ta có lời khen ngợi dành cho nhà ngươi đấy",
    "intent": "compliment",
    "intent_prediction": {
      "name": "affirm",
      "confidence": 0.5564104914665222
    }
  },
  {
    "text": "Chiến vc v",
    "intent": "compliment",
    "intent_prediction": {
      "name": "insult",
      "confidence": 0.9996262788772583
    }
  },
  {
    "text": "CÚC CU",
    "intent": "attention",
    "intent_prediction": {
      "name": "goodbye",
      "confidence": 0.9996054768562317
    }
  },
  {
    "text": "LÔ",
    "intent": "attention",
    "intent_prediction": {
      "name": "greet",
      "confidence": 0.9948428273200989
    }
  },
  {
    "text": "E HEM",
    "intent": "attention",
    "intent_prediction": {
      "name": "greet",
      "confidence": 0.9964117407798767
    }
  },
  {
    "text": "RING RING",
    "intent": "attention",
    "intent_prediction": {
      "name": "mood_great",
      "confidence": 0.4747261106967926
    }
  },
  {
    "text": "êii",
    "intent": "attention",
    "intent_prediction": {
      "name": "greet",
      "confidence": 0.9957629442214966
    }
  },
  {
    "text": "cúc cu",
    "intent": "attention",
    "intent_prediction": {
      "name": "goodbye",
      "confidence": 0.9996054768562317
    }
  },
  {
    "text": "e hem",
    "intent": "attention",
    "intent_prediction": {
      "name": "greet",
      "confidence": 0.9964117407798767
    }
  },
  {
    "text": "ring ring",
    "intent": "attention",
    "intent_prediction": {
      "name": "mood_great",
      "confidence": 0.4747259020805359
    }
  },
  {
    "text": "cộc cộc",
    "intent": "attention",
    "intent_prediction": {
      "name": "insult",
      "confidence": 0.5686590671539307
    }
  },
  {
    "text": "cough",
    "intent": "attention",
    "intent_prediction": {
      "name": "insult",
      "confidence": 0.9898855686187744
    }
  },
  {
    "text": "heeyy yo",
    "intent": "attention",
    "intent_prediction": {
      "name": "greet",
      "confidence": 0.999747097492218
    }
  },
  {
    "text": "hey yo wtf",
    "intent": "attention",
    "intent_prediction": {
      "name": "greet",
      "confidence": 0.9999099969863892
    }
  },
  {
    "text": "Ê bot ngu",
    "intent": "attention",
    "intent_prediction": {
      "name": "insult",
      "confidence": 0.47019821405410767
    }
  },
  {
    "text": "BẠN KHOẺ KHÔNG",
    "intent": "health_inquire",
    "intent_prediction": {
      "name": "stop_asking",
      "confidence": 0.9481358528137207
    }
  },
  {
    "text": "Bạn khoẻ không",
    "intent": "health_inquire",
    "intent_prediction": {
      "name": "stop_asking",
      "confidence": 0.9481359124183655
    }
  },
  {
    "text": "SỦA LÊN",
    "intent": "insult",
    "intent_prediction": {
      "name": "deny",
      "confidence": 0.9431860446929932
    }
  },
  {
    "text": "sủa lên",
    "intent": "insult",
    "intent_prediction": {
      "name": "deny",
      "confidence": 0.9431860446929932
    }
  },
  {
    "text": "f^ck you",
    "intent": "insult",
    "intent_prediction": {
      "name": "affirm",
      "confidence": 0.9525048136711121
    }
  },
  {
    "text": "fack you",
    "intent": "insult",
    "intent_prediction": {
      "name": "affirm",
      "confidence": 0.9886676669120789
    }
  },
  {
    "text": "you trash",
    "intent": "insult",
    "intent_prediction": {
      "name": "affirm",
      "confidence": 0.922899067401886
    }
  },
  {
    "text": "just die",
    "intent": "insult",
    "intent_prediction": {
      "name": "deny",
      "confidence": 0.9992939233779907
    }
  },
  {
    "text": "con cặc là gì",
    "intent": "insult",
    "intent_prediction": {
      "name": "who_are_you",
      "confidence": 0.9999666213989258
    }
  },
  {
    "text": "biến đi em",
    "intent": "stop_asking",
    "intent_prediction": {
      "name": "goodbye",
      "confidence": 0.9995288848876953
    }
  },
  {
    "text": "Mày biến đi",
    "intent": "stop_asking",
    "intent_prediction": {
      "name": "goodbye",
      "confidence": 0.9902138113975525
    }
  },
  {
    "text": "HOYYY KHỎI DC ỜI",
    "intent": "stop_asking",
    "intent_prediction": {
      "name": "health_inquire",
      "confidence": 0.8055205941200256
    }
  },
  {
    "text": "HOIII",
    "intent": "stop_asking",
    "intent_prediction": {
      "name": "want_to_ask",
      "confidence": 0.9755599498748779
    }
  },
  {
    "text": "hoyyy khỏi dc ời",
    "intent": "stop_asking",
    "intent_prediction": {
      "name": "health_inquire",
      "confidence": 0.8055202960968018
    }
  },
  {
    "text": "hoiii",
    "intent": "stop_asking",
    "intent_prediction": {
      "name": "want_to_ask",
      "confidence": 0.9755600690841675
    }
  },
  {
    "text": "Dẹp mẹ",
    "intent": "stop_asking",
    "intent_prediction": {
      "name": "insult",
      "confidence": 0.5205262899398804
    }
  },
  {
    "text": "Baii",
    "intent": "stop_asking",
    "intent_prediction": {
      "name": "greet",
      "confidence": 0.9883531928062439
    }
  },
  {
    "text": "deo",
    "intent": "stop_asking",
    "intent_prediction": {
      "name": "insult",
      "confidence": 0.9982819557189941
    }
  },
  {
    "text": "Thua",
    "intent": "stop_asking",
    "intent_prediction": {
      "name": "deny",
      "confidence": 0.6793985962867737
    }
  },
  {
    "text": "Nó chạy như thế noà",
    "intent": "continue_asking",
    "intent_prediction": {
      "name": "deny",
      "confidence": 0.9092913269996643
    }
  },
  {
    "text": "Có chứ",
    "intent": "continue_asking",
    "intent_prediction": {
      "name": "affirm",
      "confidence": 0.995294988155365
    }
  },
  {
    "text": "bạn có thể trả lời gì",
    "intent": "continue_asking",
    "intent_prediction": {
      "name": "affirm",
      "confidence": 0.9977265000343323
    }
  },
  {
    "text": "co",
    "intent": "continue_asking",
    "intent_prediction": {
      "name": "insult",
      "confidence": 0.9998916387557983
    }
  },
  {
    "text": "dĩ nhiên r",
    "intent": "continue_asking",
    "intent_prediction": {
      "name": "affirm",
      "confidence": 0.9999724626541138
    }
  },
  {
    "text": "Ok típ nà",
    "intent": "continue_asking",
    "intent_prediction": {
      "name": "affirm",
      "confidence": 0.9909363389015198
    }
  },
  {
    "text": "ok để suy nghĩ",
    "intent": "continue_asking",
    "intent_prediction": {
      "name": "affirm",
      "confidence": 0.9989226460456848
    }
  },
  {
    "text": "muốn chứ",
    "intent": "continue_asking",
    "intent_prediction": {
      "name": "affirm",
      "confidence": 0.9952569603919983
    }
  },
  {
    "text": "HỎI LẠI",
    "intent": "want_to_ask",
    "intent_prediction": {
      "name": "continue_asking",
      "confidence": 0.9997515082359314
    }
  },
  {
    "text": "Cho mình hỏi thêm nữa được không",
    "intent": "want_to_ask",
    "intent_prediction": {
      "name": "continue_asking",
      "confidence": 0.9993353486061096
    }
  },
  {
    "text": "Hỏi lại lần nữa",
    "intent": "want_to_ask",
    "intent_prediction": {
      "name": "continue_asking",
      "confidence": 0.9995809197425842
    }
  },
  {
    "text": "Hỏi một câu khác",
    "intent": "want_to_ask",
    "intent_prediction": {
      "name": "continue_asking",
      "confidence": 0.9991872906684875
    }
  },
  {
    "text": "i didn't ask you about covid 19",
    "intent": "dont_want_to_ask",
    "intent_prediction": {
      "name": "health_inquire",
      "confidence": 0.8787859678268433
    }
  },
  {
    "text": "tao không muốn hỏi",
    "intent": "dont_want_to_ask",
    "intent_prediction": {
      "name": "want_to_ask",
      "confidence": 0.9385270476341248
    }
  },
  {
    "text": "không hỏi",
    "intent": "dont_want_to_ask",
    "intent_prediction": {
      "name": "want_to_ask",
      "confidence": 0.977414608001709
    }
  },
  {
    "text": "không muốn hỏi",
    "intent": "dont_want_to_ask",
    "intent_prediction": {
      "name": "stop_asking",
      "confidence": 0.5644586086273193
    }
  },
  {
    "text": "không cần hỏi",
    "intent": "dont_want_to_ask",
    "intent_prediction": {
      "name": "stop_asking",
      "confidence": 0.958304226398468
    }
  },
  {
    "text": "Nothing",
    "intent": "dont_want_to_ask",
    "intent_prediction": {
      "name": "deny",
      "confidence": 0.6036507487297058
    }
  },
  {
    "text": "M có muốn trả thù nyc cho người tạo ra m không bot ?",
    "intent": "ex",
    "intent_prediction": {
      "name": "who_create_you",
      "confidence": 0.6472892165184021
    }
  },
  {
    "text": "nyc anh Long là ai v bot ?",
    "intent": "ex",
    "intent_prediction": {
      "name": "who_create_you",
      "confidence": 0.9601126313209534
    }
  },
  {
    "text": "BANJ TEEN GIF",
    "intent": "who_are_you",
    "intent_prediction": {
      "name": "attention",
      "confidence": 0.5555775761604309
    }
  },
  {
    "text": "CẬU LÀ AI",
    "intent": "who_are_you",
    "intent_prediction": {
      "name": "who_create_you",
      "confidence": 0.596640944480896
    }
  },
  {
    "text": "What is your name?",
    "intent": "who_are_you",
    "intent_prediction": {
      "name": "time",
      "confidence": 0.9211241006851196
    }
  },
  {
    "text": "Kimi no na wa ?",
    "intent": "who_are_you",
    "intent_prediction": {
      "name": "deny",
      "confidence": 0.999663233757019
    }
  },
  {
    "text": "Bạn được lập trình sẳn hết phải không?",
    "intent": "who_are_you",
    "intent_prediction": {
      "name": "who_create_you",
      "confidence": 0.9736598134040833
    }
  },
  {
    "text": "banj teen gif",
    "intent": "who_are_you",
    "intent_prediction": {
      "name": "attention",
      "confidence": 0.55557781457901
    }
  },
  {
    "text": "Bạn có trò chơi gì vui không?",
    "intent": "who_are_you",
    "intent_prediction": {
      "name": "affirm",
      "confidence": 0.5127497911453247
    }
  },
  {
    "text": "cậu là ai",
    "intent": "who_are_you",
    "intent_prediction": {
      "name": "who_create_you",
      "confidence": 0.5966410040855408
    }
  },
  {
    "text": "what exactly are you?",
    "intent": "who_are_you",
    "intent_prediction": {
      "name": "time",
      "confidence": 0.40810665488243103
    }
  },
  {
    "text": "Bạn có phải thuộc về lĩnh vực NLP không ?",
    "intent": "who_are_you",
    "intent_prediction": {
      "name": "deny",
      "confidence": 0.9902175068855286
    }
  },
  {
    "text": "Bạn được tạo ra dựa trên kiến thức gì ?",
    "intent": "who_are_you",
    "intent_prediction": {
      "name": "who_create_you",
      "confidence": 0.9986617565155029
    }
  },
  {
    "text": "Bạn có phải là người không ?",
    "intent": "who_are_you",
    "intent_prediction": {
      "name": "ex",
      "confidence": 0.3368290066719055
    }
  }
]