[
  {
    "text": "HIII",
    "intent": "greet",
    "intent_prediction": {
      "name": "compliment",
      "confidence": 0.6951108574867249
    }
  },
  {
    "text": "HÊ LÔ NGƯỜI ANH EM",
    "intent": "greet",
    "intent_prediction": {
      "name": "who_are_you",
      "confidence": 0.9897994995117188
    }
  },
  {
    "text": "Ê MÀY",
    "intent": "greet",
    "intent_prediction": {
      "name": "attention",
      "confidence": 0.5726271867752075
    }
  },
  {
    "text": "Ê MÀI",
    "intent": "greet",
    "intent_prediction": {
      "name": "compliment",
      "confidence": 0.42193254828453064
    }
  },
  {
    "text": "EE BANJ EEII",
    "intent": "greet",
    "intent_prediction": {
      "name": "deny",
      "confidence": 0.43238478899002075
    }
  },
  {
    "text": "NĨ HẠO MA",
    "intent": "greet",
    "intent_prediction": {
      "name": "who_create_you",
      "confidence": 0.5180706977844238
    }
  },
  {
    "text": "OHAYO GOZAIMASU",
    "intent": "greet",
    "intent_prediction": {
      "name": "deny",
      "confidence": 0.29275402426719666
    }
  },
  {
    "text": "HI SIR",
    "intent": "greet",
    "intent_prediction": {
      "name": "deny",
      "confidence": 0.9714046716690063
    }
  },
  {
    "text": "Yo",
    "intent": "greet",
    "intent_prediction": {
      "name": "stop_asking",
      "confidence": 0.8317831754684448
    }
  },
  {
    "text": "hello",
    "intent": "greet",
    "intent_prediction": {
      "name": "affirm",
      "confidence": 0.7820563912391663
    }
  },
  {
    "text": "à lố",
    "intent": "greet",
    "intent_prediction": {
      "name": "insult",
      "confidence": 0.7294050455093384
    }
  },
  {
    "text": "yo",
    "intent": "greet",
    "intent_prediction": {
      "name": "affirm",
      "confidence": 0.8132236003875732
    }
  },
  {
    "text": "yo wtf",
    "intent": "greet",
    "intent_prediction": {
      "name": "insult",
      "confidence": 0.7505483031272888
    }
  },
  {
    "text": "ohayo gozaimasu",
    "intent": "greet",
    "intent_prediction": {
      "name": "affirm",
      "confidence": 0.9080337285995483
    }
  },
  {
    "text": "yo yo yo",
    "intent": "greet",
    "intent_prediction": {
      "name": "affirm",
      "confidence": 0.9519209265708923
    }
  },
  {
    "text": "helllo",
    "intent": "greet",
    "intent_prediction": {
      "name": "insult",
      "confidence": 0.9962651133537292
    }
  },
  {
    "text": "lô",
    "intent": "greet",
    "intent_prediction": {
      "name": "insult",
      "confidence": 0.9993525147438049
    }
  },
  {
    "text": "Hello tinh yeu",
    "intent": "greet",
    "intent_prediction": {
      "name": "want_to_ask",
      "confidence": 0.7636423110961914
    }
  },
  {
    "text": "Hú",
    "intent": "greet",
    "intent_prediction": {
      "name": "compliment",
      "confidence": 0.5956108570098877
    }
  },
  {
    "text": "Hi bott iuuu",
    "intent": "greet",
    "intent_prediction": {
      "name": "deny",
      "confidence": 0.6886955499649048
    }
  },
  {
    "text": "Hai",
    "intent": "greet",
    "intent_prediction": {
      "name": "stop_asking",
      "confidence": 0.3443922698497772
    }
  },
  {
    "text": "Cuộc sống của bạn như thế nào?",
    "intent": "greet",
    "intent_prediction": {
      "name": "health_inquire",
      "confidence": 0.7547221183776855
    }
  },
  {
    "text": "Chao xìn Bot óc",
    "intent": "greet",
    "intent_prediction": {
      "name": "want_to_ask",
      "confidence": 0.8030622005462646
    }
  },
  {
    "text": "Ngày của bạn đã diễn ra như thế nào?",
    "intent": "greet",
    "intent_prediction": {
      "name": "who_create_you",
      "confidence": 0.9555030465126038
    }
  },
  {
    "text": "Có gì mới trong thế giới của bạn?",
    "intent": "greet",
    "intent_prediction": {
      "name": "deny",
      "confidence": 0.9831847548484802
    }
  },
  {
    "text": "bye",
    "intent": "goodbye",
    "intent_prediction": {
      "name": "greet",
      "confidence": 0.6507083773612976
    }
  },
  {
    "text": "See ya",
    "intent": "goodbye",
    "intent_prediction": {
      "name": "greet",
      "confidence": 0.9953873753547668
    }
  },
  {
    "text": "Bai Bai",
    "intent": "goodbye",
    "intent_prediction": {
      "name": "stop_asking",
      "confidence": 0.34676647186279297
    }
  },
  {
    "text": "Hẹn ngày mai",
    "intent": "goodbye",
    "intent_prediction": {
      "name": "date",
      "confidence": 0.3520771861076355
    }
  },
  {
    "text": "hẹn dịp khác",
    "intent": "goodbye",
    "intent_prediction": {
      "name": "compliment",
      "confidence": 0.7128069996833801
    }
  },
  {
    "text": "để dịp khác nói tiếp nha",
    "intent": "goodbye",
    "intent_prediction": {
      "name": "continue_asking",
      "confidence": 0.9527683258056641
    }
  },
  {
    "text": "tao bận rồi, bye",
    "intent": "goodbye",
    "intent_prediction": {
      "name": "greet",
      "confidence": 0.6182729005813599
    }
  },
  {
    "text": "pp",
    "intent": "goodbye",
    "intent_prediction": {
      "name": "insult",
      "confidence": 0.9980140924453735
    }
  },
  {
    "text": "Bạn cút đi",
    "intent": "goodbye",
    "intent_prediction": {
      "name": "stop_asking",
      "confidence": 0.6317510008811951
    }
  },
  {
    "text": "bye thằng lol",
    "intent": "goodbye",
    "intent_prediction": {
      "name": "greet",
      "confidence": 0.9982808828353882
    }
  },
  {
    "text": "cút cmmd",
    "intent": "goodbye",
    "intent_prediction": {
      "name": "insult",
      "confidence": 0.7511526346206665
    }
  },
  {
    "text": "bye chatbot",
    "intent": "goodbye",
    "intent_prediction": {
      "name": "greet",
      "confidence": 0.24813556671142578
    }
  },
  {
    "text": "ê bye nha",
    "intent": "goodbye",
    "intent_prediction": {
      "name": "want_to_ask",
      "confidence": 0.7796525955200195
    }
  },
  {
    "text": "Được rồi mình cảm ơn",
    "intent": "affirm",
    "intent_prediction": {
      "name": "goodbye",
      "confidence": 0.29855144023895264
    }
  },
  {
    "text": "indeed",
    "intent": "affirm",
    "intent_prediction": {
      "name": "attention",
      "confidence": 0.5843784809112549
    }
  },
  {
    "text": "correct",
    "intent": "affirm",
    "intent_prediction": {
      "name": "compliment",
      "confidence": 0.6982738971710205
    }
  },
  {
    "text": "okela :v",
    "intent": "affirm",
    "intent_prediction": {
      "name": "greet",
      "confidence": 0.8709132075309753
    }
  },
  {
    "text": "rõ ràng",
    "intent": "affirm",
    "intent_prediction": {
      "name": "deny",
      "confidence": 0.8440992832183838
    }
  },
  {
    "text": "không thể chính xác hơn được nữa",
    "intent": "affirm",
    "intent_prediction": {
      "name": "compliment",
      "confidence": 0.43434807658195496
    }
  },
  {
    "text": "hoàn toàn đúng",
    "intent": "affirm",
    "intent_prediction": {
      "name": "who_are_you",
      "confidence": 0.6733562350273132
    }
  },
  {
    "text": "oke",
    "intent": "affirm",
    "intent_prediction": {
      "name": "greet",
      "confidence": 0.9916239380836487
    }
  },
  {
    "text": "đúng ròi",
    "intent": "affirm",
    "intent_prediction": {
      "name": "deny",
      "confidence": 0.9276200532913208
    }
  },
  {
    "text": "ok good",
    "intent": "affirm",
    "intent_prediction": {
      "name": "compliment",
      "confidence": 0.8564296960830688
    }
  },
  {
    "text": "Ô sờ kê",
    "intent": "affirm",
    "intent_prediction": {
      "name": "health_inquire",
      "confidence": 0.9793394207954407
    }
  },
  {
    "text": "QUÁ CHÍNH XÁC",
    "intent": "affirm",
    "intent_prediction": {
      "name": "compliment",
      "confidence": 0.8279698491096497
    }
  },
  {
    "text": "GOOD VÃI LZZ",
    "intent": "affirm",
    "intent_prediction": {
      "name": "compliment",
      "confidence": 0.7387558817863464
    }
  },
  {
    "text": "ĐỈNH VÃI",
    "intent": "affirm",
    "intent_prediction": {
      "name": "compliment",
      "confidence": 0.5367297530174255
    }
  },
  {
    "text": "QUÁ ĐÚNG LUÔN NGƯỜI ANH EM",
    "intent": "affirm",
    "intent_prediction": {
      "name": "compliment",
      "confidence": 0.22950902581214905
    }
  },
  {
    "text": "OK Bot",
    "intent": "affirm",
    "intent_prediction": {
      "name": "greet",
      "confidence": 0.6007102727890015
    }
  },
  {
    "text": "Rùi ok nè",
    "intent": "affirm",
    "intent_prediction": {
      "name": "deny",
      "confidence": 0.35204389691352844
    }
  },
  {
    "text": "Có",
    "intent": "affirm",
    "intent_prediction": {
      "name": "continue_asking",
      "confidence": 0.9915193915367126
    }
  },
  {
    "text": "Được đấy",
    "intent": "affirm",
    "intent_prediction": {
      "name": "compliment",
      "confidence": 0.9938807487487793
    }
  },
  {
    "text": "Bạn tuyệt vời quá!",
    "intent": "affirm",
    "intent_prediction": {
      "name": "compliment",
      "confidence": 0.9966939687728882
    }
  },
  {
    "text": "Bạn là một ngôi sao!",
    "intent": "affirm",
    "intent_prediction": {
      "name": "who_are_you",
      "confidence": 0.9947243332862854
    }
  },
  {
    "text": "Bạn là nguồn cảm hứng.",
    "intent": "affirm",
    "intent_prediction": {
      "name": "who_are_you",
      "confidence": 0.808575451374054
    }
  },
  {
    "text": "no",
    "intent": "deny",
    "intent_prediction": {
      "name": "affirm",
      "confidence": 0.9615799188613892
    }
  },
  {
    "text": "never",
    "intent": "deny",
    "intent_prediction": {
      "name": "compliment",
      "confidence": 0.23268622159957886
    }
  },
  {
    "text": "I don't think so",
    "intent": "deny",
    "intent_prediction": {
      "name": "mood_great",
      "confidence": 0.4888325035572052
    }
  },
  {
    "text": "Hong",
    "intent": "deny",
    "intent_prediction": {
      "name": "insult",
      "confidence": 0.22032466530799866
    }
  },
  {
    "text": "bạn không hiểu à",
    "intent": "deny",
    "intent_prediction": {
      "name": "compliment",
      "confidence": 0.4117560386657715
    }
  },
  {
    "text": "bạn chậm hiểu thế",
    "intent": "deny",
    "intent_prediction": {
      "name": "continue_asking",
      "confidence": 0.6230144500732422
    }
  },
  {
    "text": "Đéo :))",
    "intent": "deny",
    "intent_prediction": {
      "name": "insult",
      "confidence": 0.4581567347049713
    }
  },
  {
    "text": "Á HÌNH NHƯ CÂU NÀY ĐÂU PHẢI THẾ",
    "intent": "deny",
    "intent_prediction": {
      "name": "compliment",
      "confidence": 0.28761401772499084
    }
  },
  {
    "text": "NÓI J ZAY TA ƠI",
    "intent": "deny",
    "intent_prediction": {
      "name": "who_are_you",
      "confidence": 0.5945373177528381
    }
  },
  {
    "text": "SỦA NGU ZỪA ZỪA THOI",
    "intent": "deny",
    "intent_prediction": {
      "name": "health_inquire",
      "confidence": 0.6139755249023438
    }
  },
  {
    "text": "Thôi hỏi nhiêu đủ biết trình mi rồi",
    "intent": "deny",
    "intent_prediction": {
      "name": "scanner_results",
      "confidence": 0.24776990711688995
    }
  },
  {
    "text": "Như vậy là ko đúng rồi",
    "intent": "deny",
    "intent_prediction": {
      "name": "camera",
      "confidence": 0.6466474533081055
    }
  },
  {
    "text": "Dm k phải thế, m trả lời sai mất rồi bot ạ",
    "intent": "deny",
    "intent_prediction": {
      "name": "dont_want_to_ask",
      "confidence": 0.8715490102767944
    }
  },
  {
    "text": "Á hình như câu này đâu phải thế",
    "intent": "deny",
    "intent_prediction": {
      "name": "time",
      "confidence": 0.1976812332868576
    }
  },
  {
    "text": "sủa thế mà cũng sủa được",
    "intent": "deny",
    "intent_prediction": {
      "name": "compliment",
      "confidence": 0.242683544754982
    }
  },
  {
    "text": "bro nói thế chưa đúng đâu",
    "intent": "deny",
    "intent_prediction": {
      "name": "how_to_use",
      "confidence": 0.2505970001220703
    }
  },
  {
    "text": "sủa ngu zừa zừa thoi",
    "intent": "deny",
    "intent_prediction": {
      "name": "insult",
      "confidence": 0.9819377660751343
    }
  },
  {
    "text": "trat lat",
    "intent": "deny",
    "intent_prediction": {
      "name": "compliment",
      "confidence": 0.48569217324256897
    }
  },
  {
    "text": "bro noi the chua dung dau",
    "intent": "deny",
    "intent_prediction": {
      "name": "affirm",
      "confidence": 0.6958861351013184
    }
  },
  {
    "text": "Mình hỏi mà bạn toàn trả lời không được",
    "intent": "deny",
    "intent_prediction": {
      "name": "who_are_you",
      "confidence": 0.9873318076133728
    }
  },
  {
    "text": "Tôi e rằng tôi phải từ chối.",
    "intent": "deny",
    "intent_prediction": {
      "name": "mood_unhappy",
      "confidence": 0.9235706329345703
    }
  },
  {
    "text": "Tôi e rằng không thể thực hiện điều đó.",
    "intent": "deny",
    "intent_prediction": {
      "name": "mood_unhappy",
      "confidence": 0.6930407881736755
    }
  },
  {
    "text": "Xin lỗi, nhưng tôi không thể cung cấp sự trợ giúp mà bạn đang tìm kiếm.",
    "intent": "deny",
    "intent_prediction": {
      "name": "mood_unhappy",
      "confidence": 0.43212422728538513
    }
  },
  {
    "text": "perfect",
    "intent": "mood_great",
    "intent_prediction": {
      "name": "compliment",
      "confidence": 0.963517427444458
    }
  },
  {
    "text": "great",
    "intent": "mood_great",
    "intent_prediction": {
      "name": "compliment",
      "confidence": 0.9979189038276672
    }
  },
  {
    "text": "I am great",
    "intent": "mood_great",
    "intent_prediction": {
      "name": "compliment",
      "confidence": 0.6720273494720459
    }
  },
  {
    "text": "extremely good",
    "intent": "mood_great",
    "intent_prediction": {
      "name": "compliment",
      "confidence": 0.9691349267959595
    }
  },
  {
    "text": "Khá đấy thằng lol",
    "intent": "mood_great",
    "intent_prediction": {
      "name": "compliment",
      "confidence": 0.8536027073860168
    }
  },
  {
    "text": "Hảo hán",
    "intent": "mood_great",
    "intent_prediction": {
      "name": "greet",
      "confidence": 0.9772917032241821
    }
  },
  {
    "text": "Được hay lắm",
    "intent": "mood_great",
    "intent_prediction": {
      "name": "compliment",
      "confidence": 0.5093179941177368
    }
  },
  {
    "text": "Ngon",
    "intent": "mood_great",
    "intent_prediction": {
      "name": "insult",
      "confidence": 0.9999665021896362
    }
  },
  {
    "text": "Tôi rất vui!",
    "intent": "mood_great",
    "intent_prediction": {
      "name": "mood_unhappy",
      "confidence": 0.783891499042511
    }
  },
  {
    "text": "Thật tuyệt vời!",
    "intent": "mood_great",
    "intent_prediction": {
      "name": "compliment",
      "confidence": 0.999314546585083
    }
  },
  {
    "text": "Điều này khiến tôi cảm thấy hân hoan!",
    "intent": "mood_great",
    "intent_prediction": {
      "name": "mood_unhappy",
      "confidence": 0.9386191368103027
    }
  },
  {
    "text": "Tôi rất vui mừng!",
    "intent": "mood_great",
    "intent_prediction": {
      "name": "mood_unhappy",
      "confidence": 0.9290671944618225
    }
  },
  {
    "text": "Tôi không thể ngừng mỉm cười từ tai này đến tai khác!",
    "intent": "mood_great",
    "intent_prediction": {
      "name": "translate_suggest",
      "confidence": 0.6593666672706604
    }
  },
  {
    "text": "Cảm giác như mơ ước thành hiện thực!",
    "intent": "mood_great",
    "intent_prediction": {
      "name": "goodbye",
      "confidence": 0.8396731019020081
    }
  },
  {
    "text": "Tôi không thể ngừng mỉm cười vui sướng!",
    "intent": "mood_great",
    "intent_prediction": {
      "name": "deny",
      "confidence": 0.6053758263587952
    }
  },
  {
    "text": "cho bố m cái địa chỉ",
    "intent": "mood_unhappy",
    "intent_prediction": {
      "name": "continue_asking",
      "confidence": 0.680741548538208
    }
  },
  {
    "text": "Tôi không hài lòng với kết quả.",
    "intent": "mood_unhappy",
    "intent_prediction": {
      "name": "deny",
      "confidence": 0.4088052213191986
    }
  },
  {
    "text": "Tôi không hài lòng với cách mọi thứ diễn ra.",
    "intent": "mood_unhappy",
    "intent_prediction": {
      "name": "scanner_run_model",
      "confidence": 0.2924072742462158
    }
  },
  {
    "text": "bấm nút nào để vào menu scanner v",
    "intent": "how_to_use",
    "intent_prediction": {
      "name": "scanner_suggest",
      "confidence": 0.8856415152549744
    }
  },
  {
    "text": "Chức năng của nút camera là gì?",
    "intent": "camera",
    "intent_prediction": {
      "name": "scanner_gallery",
      "confidence": 0.9003885984420776
    }
  },
  {
    "text": "Nút camera có tác dụng gì?",
    "intent": "camera",
    "intent_prediction": {
      "name": "scanner_gallery",
      "confidence": 0.9924829602241516
    }
  },
  {
    "text": "Nút camera có tác động như thế nào?",
    "intent": "camera",
    "intent_prediction": {
      "name": "scanner_gallery",
      "confidence": 0.9533995389938354
    }
  },
  {
    "text": "Nút camera có ứng dụng như thế nào?",
    "intent": "camera",
    "intent_prediction": {
      "name": "scanner_gallery",
      "confidence": 0.9493180513381958
    }
  },
  {
    "text": "Nút camera xử lý như thế nào?",
    "intent": "camera",
    "intent_prediction": {
      "name": "scanner_gallery",
      "confidence": 0.5236650109291077
    }
  },
  {
    "text": "Nút camera thực hiện công việc gì?",
    "intent": "camera",
    "intent_prediction": {
      "name": "scanner_gallery",
      "confidence": 0.9917150139808655
    }
  },
  {
    "text": "Nút camera có công dụng gì?",
    "intent": "camera",
    "intent_prediction": {
      "name": "scanner_gallery",
      "confidence": 0.9903503060340881
    }
  },
  {
    "text": "Nút camera tác động như thế nào?",
    "intent": "camera",
    "intent_prediction": {
      "name": "scanner_gallery",
      "confidence": 0.47840800881385803
    }
  },
  {
    "text": "Tác dụng của nút camera là gì?",
    "intent": "camera",
    "intent_prediction": {
      "name": "scanner_gallery",
      "confidence": 0.5263733863830566
    }
  },
  {
    "text": "Nút camera xử lý thế nào?",
    "intent": "camera",
    "intent_prediction": {
      "name": "scanner_gallery",
      "confidence": 0.4526251256465912
    }
  },
  {
    "text": "Nút camera thực hiện gì?",
    "intent": "camera",
    "intent_prediction": {
      "name": "scanner_gallery",
      "confidence": 0.9939401149749756
    }
  },
  {
    "text": "Vai trò của nút camera là gì?",
    "intent": "camera",
    "intent_prediction": {
      "name": "scanner_gallery",
      "confidence": 0.9952736496925354
    }
  },
  {
    "text": "Mục đích sử dụng của nút gallery là gì?",
    "intent": "scanner_gallery",
    "intent_prediction": {
      "name": "camera",
      "confidence": 0.9970121383666992
    }
  },
  {
    "text": "Nút gallery được sử dụng để làm gì?",
    "intent": "scanner_gallery",
    "intent_prediction": {
      "name": "camera",
      "confidence": 0.9961932897567749
    }
  },
  {
    "text": "Nút gallery đóng vai trò gì?",
    "intent": "scanner_gallery",
    "intent_prediction": {
      "name": "scanner_load_model",
      "confidence": 0.5736306309700012
    }
  },
  {
    "text": "Nút gallery ứng dụng như thế nào?",
    "intent": "scanner_gallery",
    "intent_prediction": {
      "name": "camera",
      "confidence": 0.40950173139572144
    }
  },
  {
    "text": "Nút gallery dùng để làm gì chính xác?",
    "intent": "scanner_gallery",
    "intent_prediction": {
      "name": "camera",
      "confidence": 0.9716865420341492
    }
  },
  {
    "text": "Nút gallery dùng để làm gì?",
    "intent": "scanner_gallery",
    "intent_prediction": {
      "name": "camera",
      "confidence": 0.9837762713432312
    }
  },
  {
    "text": "tao không hiểu tiếng việt, bấm chỗ nào dịch v ?",
    "intent": "translate_suggest",
    "intent_prediction": {
      "name": "health_inquire",
      "confidence": 0.6859221458435059
    }
  },
  {
    "text": "Biết anh Long không bạn?",
    "intent": "who_create_you",
    "intent_prediction": {
      "name": "goodbye",
      "confidence": 0.608153223991394
    }
  },
  {
    "text": "M biết Hoàng Đình Thái là ai không ?",
    "intent": "who_create_you",
    "intent_prediction": {
      "name": "deny",
      "confidence": 0.20499157905578613
    }
  },
  {
    "text": "M được lập trình bằng ngôn ngữ gì v ?",
    "intent": "who_create_you",
    "intent_prediction": {
      "name": "insult",
      "confidence": 0.9535437822341919
    }
  },
  {
    "text": "Tại sao m lại bị mắc kẹt trong app mobile này v ?",
    "intent": "who_create_you",
    "intent_prediction": {
      "name": "goodbye",
      "confidence": 0.8786592483520508
    }
  },
  {
    "text": "Bạn biết thầy Trần Vũ Hoàng không?",
    "intent": "who_create_you",
    "intent_prediction": {
      "name": "goodbye",
      "confidence": 0.18451356887817383
    }
  },
  {
    "text": "AI LÀ NGƯỜI ĐÃ MANG MÀY ĐẾN THẾ GIỚI NÀY THẾ BOT",
    "intent": "who_create_you",
    "intent_prediction": {
      "name": "who_are_you",
      "confidence": 0.629906952381134
    }
  },
  {
    "text": "NGƯỜI ĐÃ MANG MÀY ĐẾN ĐÂY LÀ AI VẬY",
    "intent": "who_create_you",
    "intent_prediction": {
      "name": "who_are_you",
      "confidence": 0.9788306355476379
    }
  },
  {
    "text": "AI LÀ NGƯỜI ĐÃ LÀM NÊN BẠN NHƯ NGÀY HÔM NAY BOT",
    "intent": "who_create_you",
    "intent_prediction": {
      "name": "who_are_you",
      "confidence": 0.9878831505775452
    }
  },
  {
    "text": "TÁC GIẢ",
    "intent": "who_create_you",
    "intent_prediction": {
      "name": "compliment",
      "confidence": 0.46596574783325195
    }
  },
  {
    "text": "WHO CREATED YOU ?",
    "intent": "who_create_you",
    "intent_prediction": {
      "name": "insult",
      "confidence": 0.4762531518936157
    }
  },
  {
    "text": "ai là người đã create m ?",
    "intent": "who_create_you",
    "intent_prediction": {
      "name": "camera",
      "confidence": 0.4988842010498047
    }
  },
  {
    "text": "ai là người đã làm nên bạn như ngày hôm nay bot",
    "intent": "who_create_you",
    "intent_prediction": {
      "name": "date",
      "confidence": 0.275959312915802
    }
  },
  {
    "text": "tác giả",
    "intent": "who_create_you",
    "intent_prediction": {
      "name": "goodbye",
      "confidence": 0.29779770970344543
    }
  },
  {
    "text": "ai đã thiết kế mày?",
    "intent": "who_create_you",
    "intent_prediction": {
      "name": "continue_asking",
      "confidence": 0.35769906640052795
    }
  },
  {
    "text": "who created you ?",
    "intent": "who_create_you",
    "intent_prediction": {
      "name": "health_inquire",
      "confidence": 0.38938504457473755
    }
  },
  {
    "text": "Who is the author of this project",
    "intent": "who_create_you",
    "intent_prediction": {
      "name": "mood_great",
      "confidence": 0.8224554657936096
    }
  },
  {
    "text": "Long là ai",
    "intent": "who_create_you",
    "intent_prediction": {
      "name": "who_are_you",
      "confidence": 0.9972499012947083
    }
  },
  {
    "text": "Cho hỏi ai tạo bạn vậy",
    "intent": "who_create_you",
    "intent_prediction": {
      "name": "time",
      "confidence": 0.3550899922847748
    }
  },
  {
    "text": "Long ngu là ai",
    "intent": "who_create_you",
    "intent_prediction": {
      "name": "deny",
      "confidence": 0.9580245018005371
    }
  },
  {
    "text": "Long ngu là gì",
    "intent": "who_create_you",
    "intent_prediction": {
      "name": "insult",
      "confidence": 0.2029002457857132
    }
  },
  {
    "text": "Thầy Trần Vũ Hoàng đẹp trai nhất HCMUTE đúng không bot ?",
    "intent": "who_create_you",
    "intent_prediction": {
      "name": "camera",
      "confidence": 0.3436989486217499
    }
  },
  {
    "text": "Vui",
    "intent": "compliment",
    "intent_prediction": {
      "name": "insult",
      "confidence": 0.9990178346633911
    }
  },
  {
    "text": "so weird :v",
    "intent": "compliment",
    "intent_prediction": {
      "name": "mood_great",
      "confidence": 0.3685205280780792
    }
  },
  {
    "text": "PERFECT",
    "intent": "compliment",
    "intent_prediction": {
      "name": "deny",
      "confidence": 0.4260850250720978
    }
  },
  {
    "text": "WONDERFUL",
    "intent": "compliment",
    "intent_prediction": {
      "name": "who_are_you",
      "confidence": 0.626017689704895
    }
  },
  {
    "text": "QUÁ ĐÃ",
    "intent": "compliment",
    "intent_prediction": {
      "name": "deny",
      "confidence": 0.5515823364257812
    }
  },
  {
    "text": "XUẤT SẮC",
    "intent": "compliment",
    "intent_prediction": {
      "name": "deny",
      "confidence": 0.7713375091552734
    }
  },
  {
    "text": "LÀM TỐT LẮM",
    "intent": "compliment",
    "intent_prediction": {
      "name": "insult",
      "confidence": 0.6015109419822693
    }
  },
  {
    "text": "BIẾT ĐIỀU ĐẤY",
    "intent": "compliment",
    "intent_prediction": {
      "name": "deny",
      "confidence": 0.9931353330612183
    }
  },
  {
    "text": "ĐƯỢC",
    "intent": "compliment",
    "intent_prediction": {
      "name": "greet",
      "confidence": 0.6672630310058594
    }
  },
  {
    "text": "TỐT",
    "intent": "compliment",
    "intent_prediction": {
      "name": "insult",
      "confidence": 0.9276008605957031
    }
  },
  {
    "text": "SAO MÀY HAY THẾ",
    "intent": "compliment",
    "intent_prediction": {
      "name": "deny",
      "confidence": 0.5692923665046692
    }
  },
  {
    "text": "TỐT ĐẤY",
    "intent": "compliment",
    "intent_prediction": {
      "name": "deny",
      "confidence": 0.7625875473022461
    }
  },
  {
    "text": "TA CÓ LỜI KHEN NGỢI DÀNH CHO NHÀ NGƯƠI ĐẤY",
    "intent": "compliment",
    "intent_prediction": {
      "name": "stop_asking",
      "confidence": 0.8295474052429199
    }
  },
  {
    "text": "I am feeling very good",
    "intent": "compliment",
    "intent_prediction": {
      "name": "mood_great",
      "confidence": 0.9873927235603333
    }
  },
  {
    "text": "tuyet voi",
    "intent": "compliment",
    "intent_prediction": {
      "name": "attention",
      "confidence": 0.8433412909507751
    }
  },
  {
    "text": "quá đã",
    "intent": "compliment",
    "intent_prediction": {
      "name": "affirm",
      "confidence": 0.9170342087745667
    }
  },
  {
    "text": "quá chuẩn luôn",
    "intent": "compliment",
    "intent_prediction": {
      "name": "affirm",
      "confidence": 0.7625381946563721
    }
  },
  {
    "text": "Rất hay",
    "intent": "compliment",
    "intent_prediction": {
      "name": "affirm",
      "confidence": 0.45590126514434814
    }
  },
  {
    "text": "ngoan lắm",
    "intent": "compliment",
    "intent_prediction": {
      "name": "insult",
      "confidence": 0.8975927829742432
    }
  },
  {
    "text": "tốt",
    "intent": "compliment",
    "intent_prediction": {
      "name": "insult",
      "confidence": 0.6953240633010864
    }
  },
  {
    "text": "Amazing good job em",
    "intent": "compliment",
    "intent_prediction": {
      "name": "mood_great",
      "confidence": 0.9971491694450378
    }
  },
  {
    "text": "Ta có lời khen ngợi dành cho nhà ngươi đấy",
    "intent": "compliment",
    "intent_prediction": {
      "name": "stop_asking",
      "confidence": 0.4771881103515625
    }
  },
  {
    "text": "hmm một chút",
    "intent": "compliment",
    "intent_prediction": {
      "name": "want_to_ask",
      "confidence": 0.3246859312057495
    }
  },
  {
    "text": "Wow có ích ghê ta",
    "intent": "compliment",
    "intent_prediction": {
      "name": "who_are_you",
      "confidence": 0.2176305055618286
    }
  },
  {
    "text": "woww xịn xò v",
    "intent": "compliment",
    "intent_prediction": {
      "name": "insult",
      "confidence": 0.7666541934013367
    }
  },
  {
    "text": "Ê TH LZ",
    "intent": "attention",
    "intent_prediction": {
      "name": "insult",
      "confidence": 0.9900327920913696
    }
  },
  {
    "text": "NÀY",
    "intent": "attention",
    "intent_prediction": {
      "name": "greet",
      "confidence": 0.9961310625076294
    }
  },
  {
    "text": "NÀY DUME",
    "intent": "attention",
    "intent_prediction": {
      "name": "insult",
      "confidence": 0.8272762894630432
    }
  },
  {
    "text": "QUÂY",
    "intent": "attention",
    "intent_prediction": {
      "name": "compliment",
      "confidence": 0.6323666572570801
    }
  },
  {
    "text": "LÔ",
    "intent": "attention",
    "intent_prediction": {
      "name": "insult",
      "confidence": 0.9799694418907166
    }
  },
  {
    "text": "RING RING",
    "intent": "attention",
    "intent_prediction": {
      "name": "deny",
      "confidence": 0.9311180114746094
    }
  },
  {
    "text": "êii",
    "intent": "attention",
    "intent_prediction": {
      "name": "greet",
      "confidence": 0.6135511994361877
    }
  },
  {
    "text": "eeeeeeee",
    "intent": "attention",
    "intent_prediction": {
      "name": "greet",
      "confidence": 0.5913123488426208
    }
  },
  {
    "text": "nè",
    "intent": "attention",
    "intent_prediction": {
      "name": "greet",
      "confidence": 0.913957417011261
    }
  },
  {
    "text": "ê th lz",
    "intent": "attention",
    "intent_prediction": {
      "name": "insult",
      "confidence": 0.7011129260063171
    }
  },
  {
    "text": "này",
    "intent": "attention",
    "intent_prediction": {
      "name": "greet",
      "confidence": 0.5724712610244751
    }
  },
  {
    "text": "quây",
    "intent": "attention",
    "intent_prediction": {
      "name": "greet",
      "confidence": 0.9983579516410828
    }
  },
  {
    "text": "yô",
    "intent": "attention",
    "intent_prediction": {
      "name": "greet",
      "confidence": 0.4201572835445404
    }
  },
  {
    "text": "Êy",
    "intent": "attention",
    "intent_prediction": {
      "name": "greet",
      "confidence": 0.9995531439781189
    }
  },
  {
    "text": "à lô",
    "intent": "attention",
    "intent_prediction": {
      "name": "greet",
      "confidence": 0.969407320022583
    }
  },
  {
    "text": "ring ring",
    "intent": "attention",
    "intent_prediction": {
      "name": "affirm",
      "confidence": 0.7060388922691345
    }
  },
  {
    "text": "cough",
    "intent": "attention",
    "intent_prediction": {
      "name": "insult",
      "confidence": 0.9853662252426147
    }
  },
  {
    "text": "hey yo wtf",
    "intent": "attention",
    "intent_prediction": {
      "name": "greet",
      "confidence": 0.9566256403923035
    }
  },
  {
    "text": "ALOOOOO",
    "intent": "attention",
    "intent_prediction": {
      "name": "greet",
      "confidence": 0.9998987913131714
    }
  },
  {
    "text": "EEEEE",
    "intent": "attention",
    "intent_prediction": {
      "name": "greet",
      "confidence": 0.5180354714393616
    }
  },
  {
    "text": "TUẦN VỪA RỒI KHỎE CHỨ HẢ",
    "intent": "health_inquire",
    "intent_prediction": {
      "name": "deny",
      "confidence": 0.5044970512390137
    }
  },
  {
    "text": "T NGHĨ CHẮC M MÃI KHỎE THÔI MÀ NHỈ",
    "intent": "health_inquire",
    "intent_prediction": {
      "name": "stop_asking",
      "confidence": 0.9983552098274231
    }
  },
  {
    "text": "M THÌ CHẮC CŨNG KHỎE RỒI CÒN GÌ DUMEMAY TH LZ MÁY MÓC",
    "intent": "health_inquire",
    "intent_prediction": {
      "name": "stop_asking",
      "confidence": 0.5686994194984436
    }
  },
  {
    "text": "CÒN MÀY?",
    "intent": "health_inquire",
    "intent_prediction": {
      "name": "attention",
      "confidence": 0.5953831672668457
    }
  },
  {
    "text": "cho em xin được phép hỏi, dạo này bạn thế nào rồi?",
    "intent": "health_inquire",
    "intent_prediction": {
      "name": "dont_want_to_ask",
      "confidence": 0.2589050531387329
    }
  },
  {
    "text": "vừa rồi cuộc sống thế nào",
    "intent": "health_inquire",
    "intent_prediction": {
      "name": "continue_asking",
      "confidence": 0.6403129696846008
    }
  },
  {
    "text": "tuần vừa rồi khỏe chứ hả",
    "intent": "health_inquire",
    "intent_prediction": {
      "name": "time",
      "confidence": 0.26060745120048523
    }
  },
  {
    "text": "tuần vừa qua vẫn ổn chứ",
    "intent": "health_inquire",
    "intent_prediction": {
      "name": "camera",
      "confidence": 0.5781363844871521
    }
  },
  {
    "text": "bữa h công việc ổn thỏa hết chứ hả",
    "intent": "health_inquire",
    "intent_prediction": {
      "name": "dont_want_to_ask",
      "confidence": 0.7480717897415161
    }
  },
  {
    "text": "Minh van khoe, con ban",
    "intent": "health_inquire",
    "intent_prediction": {
      "name": "deny",
      "confidence": 0.23466137051582336
    }
  },
  {
    "text": "minh thi minh van khoe, ban thi sao",
    "intent": "health_inquire",
    "intent_prediction": {
      "name": "deny",
      "confidence": 0.8890717625617981
    }
  },
  {
    "text": "Not really fine but still okay, and you?",
    "intent": "health_inquire",
    "intent_prediction": {
      "name": "mood_great",
      "confidence": 0.2930234372615814
    }
  },
  {
    "text": "And you?",
    "intent": "health_inquire",
    "intent_prediction": {
      "name": "compliment",
      "confidence": 0.5400717258453369
    }
  },
  {
    "text": "I'm ok, about ya?",
    "intent": "health_inquire",
    "intent_prediction": {
      "name": "affirm",
      "confidence": 0.8417946100234985
    }
  },
  {
    "text": "I'm great, how 'bout u?",
    "intent": "health_inquire",
    "intent_prediction": {
      "name": "compliment",
      "confidence": 0.36305683851242065
    }
  },
  {
    "text": "I'm extremely fine, and you?",
    "intent": "health_inquire",
    "intent_prediction": {
      "name": "mood_great",
      "confidence": 0.6752306222915649
    }
  },
  {
    "text": "How about u?",
    "intent": "health_inquire",
    "intent_prediction": {
      "name": "insult",
      "confidence": 0.8515135049819946
    }
  },
  {
    "text": "Ngu quá",
    "intent": "insult",
    "intent_prediction": {
      "name": "greet",
      "confidence": 0.302359938621521
    }
  },
  {
    "text": "ĐỒ NG0^K'",
    "intent": "insult",
    "intent_prediction": {
      "name": "deny",
      "confidence": 0.976326584815979
    }
  },
  {
    "text": "CÁI LZ ME MAY",
    "intent": "insult",
    "intent_prediction": {
      "name": "who_are_you",
      "confidence": 0.9381254315376282
    }
  },
  {
    "text": "GÀ VÃI LỒN",
    "intent": "insult",
    "intent_prediction": {
      "name": "compliment",
      "confidence": 0.30291903018951416
    }
  },
  {
    "text": "DIT CU MAY",
    "intent": "insult",
    "intent_prediction": {
      "name": "who_are_you",
      "confidence": 0.7849321961402893
    }
  },
  {
    "text": "DDỤ MÁ MÀY LUÔN",
    "intent": "insult",
    "intent_prediction": {
      "name": "health_inquire",
      "confidence": 0.9742446541786194
    }
  },
  {
    "text": "ÓC VẬT",
    "intent": "insult",
    "intent_prediction": {
      "name": "greet",
      "confidence": 0.31260204315185547
    }
  },
  {
    "text": "NGÁO",
    "intent": "insult",
    "intent_prediction": {
      "name": "greet",
      "confidence": 0.9455434679985046
    }
  },
  {
    "text": "SỦA LÊN",
    "intent": "insult",
    "intent_prediction": {
      "name": "greet",
      "confidence": 0.7882705330848694
    }
  },
  {
    "text": "BOT GÀ",
    "intent": "insult",
    "intent_prediction": {
      "name": "who_are_you",
      "confidence": 0.9076648950576782
    }
  },
  {
    "text": "ngu ng0^k'",
    "intent": "insult",
    "intent_prediction": {
      "name": "deny",
      "confidence": 0.9792071580886841
    }
  },
  {
    "text": "Thằng lon`",
    "intent": "insult",
    "intent_prediction": {
      "name": "greet",
      "confidence": 0.6316574215888977
    }
  },
  {
    "text": "Con đĩ mẹ mày",
    "intent": "insult",
    "intent_prediction": {
      "name": "affirm",
      "confidence": 0.791894257068634
    }
  },
  {
    "text": "Đclmm th nGu B0T",
    "intent": "insult",
    "intent_prediction": {
      "name": "deny",
      "confidence": 0.37058261036872864
    }
  },
  {
    "text": "Ngu quá hà",
    "intent": "insult",
    "intent_prediction": {
      "name": "date",
      "confidence": 0.2286050170660019
    }
  },
  {
    "text": "dumemay",
    "intent": "insult",
    "intent_prediction": {
      "name": "health_inquire",
      "confidence": 0.3333233594894409
    }
  },
  {
    "text": "bot gà",
    "intent": "insult",
    "intent_prediction": {
      "name": "who_are_you",
      "confidence": 0.9210361242294312
    }
  },
  {
    "text": "bot dốt",
    "intent": "insult",
    "intent_prediction": {
      "name": "attention",
      "confidence": 0.9473947286605835
    }
  },
  {
    "text": "chó bot",
    "intent": "insult",
    "intent_prediction": {
      "name": "time",
      "confidence": 0.18522824347019196
    }
  },
  {
    "text": "loz bot",
    "intent": "insult",
    "intent_prediction": {
      "name": "attention",
      "confidence": 0.9814563989639282
    }
  },
  {
    "text": "Th l đầu cắt moi",
    "intent": "insult",
    "intent_prediction": {
      "name": "mood_unhappy",
      "confidence": 0.28489813208580017
    }
  },
  {
    "text": "Tao chuẩn bị chửi mày nè",
    "intent": "insult",
    "intent_prediction": {
      "name": "compliment",
      "confidence": 0.5500486493110657
    }
  },
  {
    "text": "Ê nghe t chửi nè",
    "intent": "insult",
    "intent_prediction": {
      "name": "want_to_ask",
      "confidence": 0.9933249354362488
    }
  },
  {
    "text": "pussy",
    "intent": "insult",
    "intent_prediction": {
      "name": "goodbye",
      "confidence": 0.8508216738700867
    }
  },
  {
    "text": "you trash",
    "intent": "insult",
    "intent_prediction": {
      "name": "deny",
      "confidence": 0.9011681079864502
    }
  },
  {
    "text": "die",
    "intent": "insult",
    "intent_prediction": {
      "name": "compliment",
      "confidence": 0.704796314239502
    }
  },
  {
    "text": "you mentally retarded",
    "intent": "insult",
    "intent_prediction": {
      "name": "mood_great",
      "confidence": 0.8051918745040894
    }
  },
  {
    "text": "mình chán bạn quá",
    "intent": "insult",
    "intent_prediction": {
      "name": "affirm",
      "confidence": 0.8551044464111328
    }
  },
  {
    "text": "HOYYY KHỎI DC ỜI",
    "intent": "stop_asking",
    "intent_prediction": {
      "name": "want_to_ask",
      "confidence": 0.9880954027175903
    }
  },
  {
    "text": "HUII DC ÙI",
    "intent": "stop_asking",
    "intent_prediction": {
      "name": "compliment",
      "confidence": 0.9461950063705444
    }
  },
  {
    "text": "HOIII",
    "intent": "stop_asking",
    "intent_prediction": {
      "name": "greet",
      "confidence": 0.7922056913375854
    }
  },
  {
    "text": "hoyyy khỏi dc ời",
    "intent": "stop_asking",
    "intent_prediction": {
      "name": "want_to_ask",
      "confidence": 0.22483105957508087
    }
  },
  {
    "text": "huii dc ùi",
    "intent": "stop_asking",
    "intent_prediction": {
      "name": "deny",
      "confidence": 0.9691727757453918
    }
  },
  {
    "text": "từ từ đợi tí suy nghĩ câu hỏi đã",
    "intent": "stop_asking",
    "intent_prediction": {
      "name": "want_to_ask",
      "confidence": 0.9280571341514587
    }
  },
  {
    "text": "chờ cmm đi lát bố m hỏi m lại",
    "intent": "stop_asking",
    "intent_prediction": {
      "name": "dont_want_to_ask",
      "confidence": 0.4534112513065338
    }
  },
  {
    "text": "chờ đi lát mình hỏi bạn sau nha",
    "intent": "stop_asking",
    "intent_prediction": {
      "name": "want_to_ask",
      "confidence": 0.6462666988372803
    }
  },
  {
    "text": "ko",
    "intent": "stop_asking",
    "intent_prediction": {
      "name": "continue_asking",
      "confidence": 0.884956955909729
    }
  },
  {
    "text": "Không",
    "intent": "stop_asking",
    "intent_prediction": {
      "name": "deny",
      "confidence": 0.8124010562896729
    }
  },
  {
    "text": "Nghỉ",
    "intent": "stop_asking",
    "intent_prediction": {
      "name": "insult",
      "confidence": 0.8388047814369202
    }
  },
  {
    "text": "Cút xéo",
    "intent": "stop_asking",
    "intent_prediction": {
      "name": "greet",
      "confidence": 0.7078840732574463
    }
  },
  {
    "text": "deo",
    "intent": "stop_asking",
    "intent_prediction": {
      "name": "greet",
      "confidence": 0.9959422945976257
    }
  },
  {
    "text": "khum",
    "intent": "stop_asking",
    "intent_prediction": {
      "name": "greet",
      "confidence": 0.23938986659049988
    }
  },
  {
    "text": "continue_asking",
    "intent": "continue_asking",
    "intent_prediction": {
      "name": "greet",
      "confidence": 0.3366468846797943
    }
  },
  {
    "text": "hỏi cái nhẹ 1 câu nữa xem sao nha",
    "intent": "continue_asking",
    "intent_prediction": {
      "name": "want_to_ask",
      "confidence": 0.742641270160675
    }
  },
  {
    "text": "được để t hỏi m tiếp",
    "intent": "continue_asking",
    "intent_prediction": {
      "name": "stop_asking",
      "confidence": 0.36162665486335754
    }
  },
  {
    "text": "Được r để hỏi m câu tiếp theo nè",
    "intent": "continue_asking",
    "intent_prediction": {
      "name": "camera",
      "confidence": 0.24783295392990112
    }
  },
  {
    "text": "Nó chạy như thế noà",
    "intent": "continue_asking",
    "intent_prediction": {
      "name": "compliment",
      "confidence": 0.5135162472724915
    }
  },
  {
    "text": "Tất nhiên rồi",
    "intent": "continue_asking",
    "intent_prediction": {
      "name": "who_are_you",
      "confidence": 0.9393247961997986
    }
  },
  {
    "text": "bạn có thể trả lời gì",
    "intent": "continue_asking",
    "intent_prediction": {
      "name": "affirm",
      "confidence": 0.9661540985107422
    }
  },
  {
    "text": "dĩ nhiên r",
    "intent": "continue_asking",
    "intent_prediction": {
      "name": "health_inquire",
      "confidence": 0.9447363615036011
    }
  },
  {
    "text": "zô nè",
    "intent": "continue_asking",
    "intent_prediction": {
      "name": "attention",
      "confidence": 0.9395140409469604
    }
  },
  {
    "text": "ok để suy nghĩ",
    "intent": "continue_asking",
    "intent_prediction": {
      "name": "affirm",
      "confidence": 0.9990789890289307
    }
  },
  {
    "text": "đợi suy nghĩ cái",
    "intent": "continue_asking",
    "intent_prediction": {
      "name": "affirm",
      "confidence": 0.4403405487537384
    }
  },
  {
    "text": "oke đợi tí",
    "intent": "continue_asking",
    "intent_prediction": {
      "name": "camera",
      "confidence": 0.40133073925971985
    }
  },
  {
    "text": "muốn chứ",
    "intent": "continue_asking",
    "intent_prediction": {
      "name": "affirm",
      "confidence": 0.9794402718544006
    }
  },
  {
    "text": "Minh hoi ban ti nha",
    "intent": "want_to_ask",
    "intent_prediction": {
      "name": "who_are_you",
      "confidence": 0.8330081701278687
    }
  },
  {
    "text": "giúp mình một số câu hỏi C++ được không",
    "intent": "want_to_ask",
    "intent_prediction": {
      "name": "camera",
      "confidence": 0.8352121114730835
    }
  },
  {
    "text": "Hỏi lại lần nữa",
    "intent": "want_to_ask",
    "intent_prediction": {
      "name": "continue_asking",
      "confidence": 0.5139439105987549
    }
  },
  {
    "text": "Hỏi một câu khác",
    "intent": "want_to_ask",
    "intent_prediction": {
      "name": "continue_asking",
      "confidence": 0.7653807997703552
    }
  },
  {
    "text": "i didn't ask you about covid 19",
    "intent": "dont_want_to_ask",
    "intent_prediction": {
      "name": "mood_great",
      "confidence": 0.6158890128135681
    }
  },
  {
    "text": "tao không muốn hỏi",
    "intent": "dont_want_to_ask",
    "intent_prediction": {
      "name": "stop_asking",
      "confidence": 0.9350716471672058
    }
  },
  {
    "text": "bố m có hỏi gì m đâu",
    "intent": "dont_want_to_ask",
    "intent_prediction": {
      "name": "stop_asking",
      "confidence": 0.2860461473464966
    }
  },
  {
    "text": "ê t k có muốn hỏi gì m hết á",
    "intent": "dont_want_to_ask",
    "intent_prediction": {
      "name": "stop_asking",
      "confidence": 0.8423140645027161
    }
  },
  {
    "text": "bố m đ cần hỏi m gì cả",
    "intent": "dont_want_to_ask",
    "intent_prediction": {
      "name": "insult",
      "confidence": 0.7296832799911499
    }
  },
  {
    "text": "yo t có hỏi cđg m đâu mà m cứ rộn ràng thế",
    "intent": "dont_want_to_ask",
    "intent_prediction": {
      "name": "stop_asking",
      "confidence": 0.9562427401542664
    }
  },
  {
    "text": "time được bao nhiêu rồi ?",
    "intent": "time",
    "intent_prediction": {
      "name": "continue_asking",
      "confidence": 0.7914411425590515
    }
  },
  {
    "text": "Cho hỏi thứ mấy?",
    "intent": "date",
    "intent_prediction": {
      "name": "time",
      "confidence": 0.3545461893081665
    }
  },
  {
    "text": "date ?",
    "intent": "date",
    "intent_prediction": {
      "name": "greet",
      "confidence": 0.7216801047325134
    }
  },
  {
    "text": "Con loz Khôi Nguyên đầy đọa anh Long phải không chatbot ?",
    "intent": "ex",
    "intent_prediction": {
      "name": "mood_great",
      "confidence": 0.3406672477722168
    }
  },
  {
    "text": "nyc anh Long là Nguyễn Khôi Nguyên phải ko ?",
    "intent": "ex",
    "intent_prediction": {
      "name": "mood_great",
      "confidence": 0.29227906465530396
    }
  },
  {
    "text": "Những câu nào bạn biết để mình hỏi?",
    "intent": "who_are_you",
    "intent_prediction": {
      "name": "continue_asking",
      "confidence": 0.9710333943367004
    }
  },
  {
    "text": "NÓI TAO NGHE TÊN MÀY",
    "intent": "who_are_you",
    "intent_prediction": {
      "name": "want_to_ask",
      "confidence": 0.7770681381225586
    }
  },
  {
    "text": "IEM LÀ AII",
    "intent": "who_are_you",
    "intent_prediction": {
      "name": "deny",
      "confidence": 0.9785899519920349
    }
  },
  {
    "text": "CHO HỎI VỊ HUYNH ĐÀI ĐÂY TÊN GÌ NHỈ",
    "intent": "who_are_you",
    "intent_prediction": {
      "name": "stop_asking",
      "confidence": 0.33681732416152954
    }
  },
  {
    "text": "Bạn được lập trình sẳn hết phải không?",
    "intent": "who_are_you",
    "intent_prediction": {
      "name": "dont_want_to_ask",
      "confidence": 0.30343830585479736
    }
  },
  {
    "text": "Cô là ai",
    "intent": "who_are_you",
    "intent_prediction": {
      "name": "deny",
      "confidence": 0.5106979012489319
    }
  },
  {
    "text": "Nickname của m là gì",
    "intent": "who_are_you",
    "intent_prediction": {
      "name": "scanner_gallery",
      "confidence": 0.49695897102355957
    }
  },
  {
    "text": "Cho toi hoi ban la ai",
    "intent": "who_are_you",
    "intent_prediction": {
      "name": "want_to_ask",
      "confidence": 0.8395338654518127
    }
  },
  {
    "text": "who are u",
    "intent": "who_are_you",
    "intent_prediction": {
      "name": "greet",
      "confidence": 0.38021451234817505
    }
  },
  {
    "text": "who r u",
    "intent": "who_are_you",
    "intent_prediction": {
      "name": "deny",
      "confidence": 0.9731595516204834
    }
  },
  {
    "text": "Ê",
    "intent": "greet",
    "intent_prediction": {
      "name": "attention",
      "confidence": 0.9724830985069275
    }
  },
  {
    "text": "ALO",
    "intent": "greet",
    "intent_prediction": {
      "name": "insult",
      "confidence": 0.4522835910320282
    }
  },
  {
    "text": "A LÔ",
    "intent": "greet",
    "intent_prediction": {
      "name": "attention",
      "confidence": 0.9983441829681396
    }
  },
  {
    "text": "HEY",
    "intent": "greet",
    "intent_prediction": {
      "name": "attention",
      "confidence": 0.7507569789886475
    }
  },
  {
    "text": "HEYYY",
    "intent": "greet",
    "intent_prediction": {
      "name": "attention",
      "confidence": 0.986416220664978
    }
  },
  {
    "text": "YOOO",
    "intent": "greet",
    "intent_prediction": {
      "name": "attention",
      "confidence": 0.5066257119178772
    }
  },
  {
    "text": "NỈ HẢO",
    "intent": "greet",
    "intent_prediction": {
      "name": "compliment",
      "confidence": 0.8265814185142517
    }
  },
  {
    "text": "MADAM",
    "intent": "greet",
    "intent_prediction": {
      "name": "insult",
      "confidence": 0.9999347925186157
    }
  },
  {
    "text": "Ê CƯNG",
    "intent": "greet",
    "intent_prediction": {
      "name": "insult",
      "confidence": 0.870922327041626
    }
  },
  {
    "text": "Chào thân ái",
    "intent": "greet",
    "intent_prediction": {
      "name": "date",
      "confidence": 0.3050170838832855
    }
  },
  {
    "text": "nihao",
    "intent": "greet",
    "intent_prediction": {
      "name": "insult",
      "confidence": 0.9704655408859253
    }
  },
  {
    "text": "heyyy",
    "intent": "greet",
    "intent_prediction": {
      "name": "attention",
      "confidence": 0.9638562798500061
    }
  },
  {
    "text": "yooo",
    "intent": "greet",
    "intent_prediction": {
      "name": "attention",
      "confidence": 0.9940571784973145
    }
  },
  {
    "text": "hello mày",
    "intent": "greet",
    "intent_prediction": {
      "name": "insult",
      "confidence": 0.9344188570976257
    }
  },
  {
    "text": "alo mày",
    "intent": "greet",
    "intent_prediction": {
      "name": "insult",
      "confidence": 0.9713796377182007
    }
  },
  {
    "text": "ê thằng kia",
    "intent": "greet",
    "intent_prediction": {
      "name": "goodbye",
      "confidence": 0.3130745589733124
    }
  },
  {
    "text": "ê mày",
    "intent": "greet",
    "intent_prediction": {
      "name": "insult",
      "confidence": 0.9836583733558655
    }
  },
  {
    "text": "ê mài",
    "intent": "greet",
    "intent_prediction": {
      "name": "insult",
      "confidence": 0.9973081350326538
    }
  },
  {
    "text": "ee banj eeii",
    "intent": "greet",
    "intent_prediction": {
      "name": "deny",
      "confidence": 0.9555155038833618
    }
  },
  {
    "text": "ni hao",
    "intent": "greet",
    "intent_prediction": {
      "name": "insult",
      "confidence": 0.9615809321403503
    }
  },
  {
    "text": "hi sir",
    "intent": "greet",
    "intent_prediction": {
      "name": "deny",
      "confidence": 0.5879963040351868
    }
  },
  {
    "text": "Ê bro",
    "intent": "greet",
    "intent_prediction": {
      "name": "insult",
      "confidence": 0.9957836866378784
    }
  },
  {
    "text": "bot ơi dậy đi",
    "intent": "greet",
    "intent_prediction": {
      "name": "goodbye",
      "confidence": 0.3326348662376404
    }
  },
  {
    "text": "Rất hân hạnh được chào Bot",
    "intent": "greet",
    "intent_prediction": {
      "name": "goodbye",
      "confidence": 0.6134771704673767
    }
  },
  {
    "text": "Ừm, dạo này sao rồi?",
    "intent": "greet",
    "intent_prediction": {
      "name": "health_inquire",
      "confidence": 0.5016365647315979
    }
  },
  {
    "text": "Gần đây bạn thế nào? Có gì mới không?",
    "intent": "greet",
    "intent_prediction": {
      "name": "who_are_you",
      "confidence": 0.907735288143158
    }
  },
  {
    "text": "Chào thằng ngu",
    "intent": "greet",
    "intent_prediction": {
      "name": "insult",
      "confidence": 0.6707863807678223
    }
  },
  {
    "text": "Ừm, lâu quá không gặp nhau! Gần đây bạn làm gì vậy?",
    "intent": "greet",
    "intent_prediction": {
      "name": "goodbye",
      "confidence": 0.7276460528373718
    }
  },
  {
    "text": "dẹp",
    "intent": "goodbye",
    "intent_prediction": {
      "name": "compliment",
      "confidence": 0.9510312080383301
    }
  },
  {
    "text": "BYE",
    "intent": "goodbye",
    "intent_prediction": {
      "name": "attention",
      "confidence": 0.7753817439079285
    }
  },
  {
    "text": "cúc",
    "intent": "goodbye",
    "intent_prediction": {
      "name": "insult",
      "confidence": 0.4869772493839264
    }
  },
  {
    "text": "tạm biệt",
    "intent": "goodbye",
    "intent_prediction": {
      "name": "who_create_you",
      "confidence": 0.48934537172317505
    }
  },
  {
    "text": "tao đi đây con trai",
    "intent": "goodbye",
    "intent_prediction": {
      "name": "want_to_ask",
      "confidence": 0.7904033064842224
    }
  },
  {
    "text": "bai",
    "intent": "goodbye",
    "intent_prediction": {
      "name": "who_are_you",
      "confidence": 0.9514420032501221
    }
  },
  {
    "text": "Tạm biệt nha",
    "intent": "goodbye",
    "intent_prediction": {
      "name": "compliment",
      "confidence": 0.5637987852096558
    }
  },
  {
    "text": "để khi khác hỏi tiếp",
    "intent": "goodbye",
    "intent_prediction": {
      "name": "continue_asking",
      "confidence": 0.6112646460533142
    }
  },
  {
    "text": "pipi",
    "intent": "goodbye",
    "intent_prediction": {
      "name": "want_to_ask",
      "confidence": 0.9202864766120911
    }
  },
  {
    "text": "stop được r",
    "intent": "goodbye",
    "intent_prediction": {
      "name": "insult",
      "confidence": 0.25872141122817993
    }
  },
  {
    "text": "Tạm biệt! Hẹn gặp lại bạn!",
    "intent": "goodbye",
    "intent_prediction": {
      "name": "who_create_you",
      "confidence": 0.6344174146652222
    }
  },
  {
    "text": "Tạm biệt! Hãy nhớ mỉm cười mỗi ngày.",
    "intent": "goodbye",
    "intent_prediction": {
      "name": "mood_great",
      "confidence": 0.45772355794906616
    }
  },
  {
    "text": "Ok, tốc độ trả lời này là bot",
    "intent": "affirm",
    "intent_prediction": {
      "name": "who_create_you",
      "confidence": 0.555584192276001
    }
  },
  {
    "text": "yes",
    "intent": "affirm",
    "intent_prediction": {
      "name": "greet",
      "confidence": 0.995755672454834
    }
  },
  {
    "text": "that sounds good",
    "intent": "affirm",
    "intent_prediction": {
      "name": "mood_great",
      "confidence": 0.3640044927597046
    }
  },
  {
    "text": "Okela",
    "intent": "affirm",
    "intent_prediction": {
      "name": "insult",
      "confidence": 0.9417970776557922
    }
  },
  {
    "text": "oke la",
    "intent": "affirm",
    "intent_prediction": {
      "name": "who_are_you",
      "confidence": 0.9905208349227905
    }
  },
  {
    "text": "chính xác",
    "intent": "affirm",
    "intent_prediction": {
      "name": "greet",
      "confidence": 0.5724865198135376
    }
  },
  {
    "text": "chứ còn gì nữa",
    "intent": "affirm",
    "intent_prediction": {
      "name": "who_are_you",
      "confidence": 0.9957544803619385
    }
  },
  {
    "text": "quá đúng",
    "intent": "affirm",
    "intent_prediction": {
      "name": "compliment",
      "confidence": 0.5668245553970337
    }
  },
  {
    "text": "đúng",
    "intent": "affirm",
    "intent_prediction": {
      "name": "insult",
      "confidence": 0.9989068508148193
    }
  },
  {
    "text": "chuẩn nha",
    "intent": "affirm",
    "intent_prediction": {
      "name": "insult",
      "confidence": 0.7156654596328735
    }
  },
  {
    "text": "ok đúng",
    "intent": "affirm",
    "intent_prediction": {
      "name": "insult",
      "confidence": 0.9930636286735535
    }
  },
  {
    "text": "okei",
    "intent": "affirm",
    "intent_prediction": {
      "name": "stop_asking",
      "confidence": 0.9547985792160034
    }
  },
  {
    "text": "Ok nè đợi tí",
    "intent": "affirm",
    "intent_prediction": {
      "name": "continue_asking",
      "confidence": 0.9265456795692444
    }
  },
  {
    "text": "okay đợi t suy nghĩ chút",
    "intent": "affirm",
    "intent_prediction": {
      "name": "want_to_ask",
      "confidence": 0.7878230214118958
    }
  },
  {
    "text": "Okei",
    "intent": "affirm",
    "intent_prediction": {
      "name": "greet",
      "confidence": 0.9988811612129211
    }
  },
  {
    "text": "QUÁ CHUẨN",
    "intent": "affirm",
    "intent_prediction": {
      "name": "insult",
      "confidence": 0.9985931515693665
    }
  },
  {
    "text": "DCM CHUẨN THẾ",
    "intent": "affirm",
    "intent_prediction": {
      "name": "insult",
      "confidence": 0.9981217980384827
    }
  },
  {
    "text": "Ok đợi t nghĩ cái nha",
    "intent": "affirm",
    "intent_prediction": {
      "name": "want_to_ask",
      "confidence": 0.9897565245628357
    }
  },
  {
    "text": "ok để suy nghĩ xem",
    "intent": "affirm",
    "intent_prediction": {
      "name": "continue_asking",
      "confidence": 0.9684840440750122
    }
  },
  {
    "text": "You're amazing!",
    "intent": "affirm",
    "intent_prediction": {
      "name": "mood_great",
      "confidence": 0.5053392052650452
    }
  },
  {
    "text": "You're doing an outstanding job.",
    "intent": "affirm",
    "intent_prediction": {
      "name": "compliment",
      "confidence": 0.44511884450912476
    }
  },
  {
    "text": "Bạn có thể làm được!",
    "intent": "affirm",
    "intent_prediction": {
      "name": "who_are_you",
      "confidence": 0.7693055272102356
    }
  },
  {
    "text": "n",
    "intent": "deny",
    "intent_prediction": {
      "name": "attention",
      "confidence": 0.7121612429618835
    }
  },
  {
    "text": "don't like that",
    "intent": "deny",
    "intent_prediction": {
      "name": "compliment",
      "confidence": 0.25112485885620117
    }
  },
  {
    "text": "Clgt",
    "intent": "deny",
    "intent_prediction": {
      "name": "affirm",
      "confidence": 0.7625588774681091
    }
  },
  {
    "text": "TRẬT LẤT",
    "intent": "deny",
    "intent_prediction": {
      "name": "compliment",
      "confidence": 0.9997358918190002
    }
  },
  {
    "text": "TRẢ LỜI VẬY LÀ CHẾT ME R",
    "intent": "deny",
    "intent_prediction": {
      "name": "health_inquire",
      "confidence": 0.9962615370750427
    }
  },
  {
    "text": "WRONG",
    "intent": "deny",
    "intent_prediction": {
      "name": "insult",
      "confidence": 0.9965642094612122
    }
  },
  {
    "text": "YOU WRONG",
    "intent": "deny",
    "intent_prediction": {
      "name": "affirm",
      "confidence": 0.7662048935890198
    }
  },
  {
    "text": "NÓI CDJ THẾ BOT NGU",
    "intent": "deny",
    "intent_prediction": {
      "name": "insult",
      "confidence": 0.9997584223747253
    }
  },
  {
    "text": "trật lất",
    "intent": "deny",
    "intent_prediction": {
      "name": "compliment",
      "confidence": 0.6468590497970581
    }
  },
  {
    "text": "trả lời vậy là chết me r",
    "intent": "deny",
    "intent_prediction": {
      "name": "health_inquire",
      "confidence": 0.9255647659301758
    }
  },
  {
    "text": "you wrong",
    "intent": "deny",
    "intent_prediction": {
      "name": "insult",
      "confidence": 0.9996997117996216
    }
  },
  {
    "text": "không đúng",
    "intent": "deny",
    "intent_prediction": {
      "name": "affirm",
      "confidence": 0.6166646480560303
    }
  },
  {
    "text": "Không đúng",
    "intent": "deny",
    "intent_prediction": {
      "name": "affirm",
      "confidence": 0.6643641591072083
    }
  },
  {
    "text": "Đéo phải thế",
    "intent": "deny",
    "intent_prediction": {
      "name": "greet",
      "confidence": 0.5883479714393616
    }
  },
  {
    "text": "hong đúng ùi",
    "intent": "deny",
    "intent_prediction": {
      "name": "affirm",
      "confidence": 0.46224337816238403
    }
  },
  {
    "text": "hong phải zị ùi",
    "intent": "deny",
    "intent_prediction": {
      "name": "time",
      "confidence": 0.26010656356811523
    }
  },
  {
    "text": "sủa sai quá trời zị",
    "intent": "deny",
    "intent_prediction": {
      "name": "compliment",
      "confidence": 0.2746378481388092
    }
  },
  {
    "text": "noi cdj the bot ngu",
    "intent": "deny",
    "intent_prediction": {
      "name": "insult",
      "confidence": 0.9999033212661743
    }
  },
  {
    "text": "Tôi không đồng ý với quan điểm của bạn.",
    "intent": "deny",
    "intent_prediction": {
      "name": "mood_great",
      "confidence": 0.8380078673362732
    }
  },
  {
    "text": "amazing",
    "intent": "mood_great",
    "intent_prediction": {
      "name": "compliment",
      "confidence": 0.7670861482620239
    }
  },
  {
    "text": "wonderful",
    "intent": "mood_great",
    "intent_prediction": {
      "name": "compliment",
      "confidence": 0.9978690147399902
    }
  },
  {
    "text": "I am going to save the world",
    "intent": "mood_great",
    "intent_prediction": {
      "name": "compliment",
      "confidence": 0.6080542802810669
    }
  },
  {
    "text": "so so perfect",
    "intent": "mood_great",
    "intent_prediction": {
      "name": "health_inquire",
      "confidence": 0.47811242938041687
    }
  },
  {
    "text": "Amazing good job em",
    "intent": "mood_great",
    "intent_prediction": {
      "name": "compliment",
      "confidence": 0.999372661113739
    }
  },
  {
    "text": "Được của ló",
    "intent": "mood_great",
    "intent_prediction": {
      "name": "compliment",
      "confidence": 0.92684406042099
    }
  },
  {
    "text": "Tin này mang lại niềm vui cho tôi!",
    "intent": "mood_great",
    "intent_prediction": {
      "name": "who_create_you",
      "confidence": 0.976820707321167
    }
  },
  {
    "text": "Nó làm tràn đầy niềm hạnh phúc trong tôi!",
    "intent": "mood_great",
    "intent_prediction": {
      "name": "goodbye",
      "confidence": 0.9456784725189209
    }
  },
  {
    "text": "Tôi không thể kìm nén sự phấn khởi của mình!",
    "intent": "mood_great",
    "intent_prediction": {
      "name": "mood_unhappy",
      "confidence": 0.9301839470863342
    }
  },
  {
    "text": "I feel like I'm on cloud nine!",
    "intent": "mood_great",
    "intent_prediction": {
      "name": "health_inquire",
      "confidence": 0.6135959029197693
    }
  },
  {
    "text": "Nó mang lại cho tôi niềm vui vô cùng!",
    "intent": "mood_great",
    "intent_prediction": {
      "name": "continue_asking",
      "confidence": 0.16089479625225067
    }
  },
  {
    "text": "Tin này làm cho ngày của tôi trở nên tuyệt vời!",
    "intent": "mood_great",
    "intent_prediction": {
      "name": "translate_suggest",
      "confidence": 0.4084988534450531
    }
  },
  {
    "text": "Tôi cảm thấy như đang ở trên mây thứ chín!",
    "intent": "mood_great",
    "intent_prediction": {
      "name": "mood_unhappy",
      "confidence": 0.9366450309753418
    }
  },
  {
    "text": "Đây là sự hạnh phúc thuần túy!",
    "intent": "mood_great",
    "intent_prediction": {
      "name": "who_are_you",
      "confidence": 0.982648491859436
    }
  },
  {
    "text": "vãi lol luôn đầu cắt moi",
    "intent": "mood_unhappy",
    "intent_prediction": {
      "name": "camera",
      "confidence": 0.6674221158027649
    }
  },
  {
    "text": "Tôi không ở trong tâm trạng tốt.",
    "intent": "mood_unhappy",
    "intent_prediction": {
      "name": "deny",
      "confidence": 0.866093635559082
    }
  },
  {
    "text": "Điều này làm tôi cảm thấy mất niềm tin, thành thật mà nói.",
    "intent": "mood_unhappy",
    "intent_prediction": {
      "name": "goodbye",
      "confidence": 0.52060467004776
    }
  },
  {
    "text": "cái app này sao khó sài v bot",
    "intent": "how_to_use",
    "intent_prediction": {
      "name": "continue_asking",
      "confidence": 0.3620675206184387
    }
  },
  {
    "text": "app đẹp quá mà khó sài v",
    "intent": "how_to_use",
    "intent_prediction": {
      "name": "who_create_you",
      "confidence": 0.2316138744354248
    }
  },
  {
    "text": "Ôi bot, app này sử dụng thế nào vậy?",
    "intent": "how_to_use",
    "intent_prediction": {
      "name": "scanner_load_model",
      "confidence": 0.6584500074386597
    }
  },
  {
    "text": "Camera được bật ở đâu?",
    "intent": "camera",
    "intent_prediction": {
      "name": "who_create_you",
      "confidence": 0.8928107619285583
    }
  },
  {
    "text": "Camera được mở ở đâu?",
    "intent": "camera",
    "intent_prediction": {
      "name": "time",
      "confidence": 0.3779744505882263
    }
  },
  {
    "text": "Mục đích sử dụng của nút camera là gì?",
    "intent": "camera",
    "intent_prediction": {
      "name": "scanner_gallery",
      "confidence": 0.9759230613708496
    }
  },
  {
    "text": "Nút camera dùng làm gì?",
    "intent": "camera",
    "intent_prediction": {
      "name": "scanner_gallery",
      "confidence": 0.8925209641456604
    }
  },
  {
    "text": "Tác động của nút camera ra sao?",
    "intent": "camera",
    "intent_prediction": {
      "name": "who_create_you",
      "confidence": 0.27661439776420593
    }
  },
  {
    "text": "Chức năng của nút gallery là gì?",
    "intent": "scanner_gallery",
    "intent_prediction": {
      "name": "camera",
      "confidence": 0.9887312054634094
    }
  },
  {
    "text": "Công dụng của nút gallery là gì?",
    "intent": "scanner_gallery",
    "intent_prediction": {
      "name": "camera",
      "confidence": 0.8343001008033752
    }
  },
  {
    "text": "Nút gallery thực hiện việc gì?",
    "intent": "scanner_gallery",
    "intent_prediction": {
      "name": "camera",
      "confidence": 0.9994122982025146
    }
  },
  {
    "text": "Nút gallery có tác dụng gì?",
    "intent": "scanner_gallery",
    "intent_prediction": {
      "name": "camera",
      "confidence": 0.9989504218101501
    }
  },
  {
    "text": "Nút gallery thực hiện gì?",
    "intent": "scanner_gallery",
    "intent_prediction": {
      "name": "camera",
      "confidence": 0.9993476271629333
    }
  },
  {
    "text": "Nút gallery có công dụng gì?",
    "intent": "scanner_gallery",
    "intent_prediction": {
      "name": "camera",
      "confidence": 0.9987927675247192
    }
  },
  {
    "text": "Nút gallery được sử dụng như thế nào?",
    "intent": "scanner_gallery",
    "intent_prediction": {
      "name": "camera",
      "confidence": 0.9934833645820618
    }
  },
  {
    "text": "Vai trò của nút gallery là gì?",
    "intent": "scanner_gallery",
    "intent_prediction": {
      "name": "camera",
      "confidence": 0.9917141795158386
    }
  },
  {
    "text": "Địa điểm nào để thấy kết quả vậy?",
    "intent": "scanner_results",
    "intent_prediction": {
      "name": "mood_unhappy",
      "confidence": 0.5233176946640015
    }
  },
  {
    "text": "Coi kết quả tại điểm nào vậy?",
    "intent": "scanner_results",
    "intent_prediction": {
      "name": "who_create_you",
      "confidence": 0.36984023451805115
    }
  },
  {
    "text": "Anh Long",
    "intent": "who_create_you",
    "intent_prediction": {
      "name": "health_inquire",
      "confidence": 0.43023064732551575
    }
  },
  {
    "text": "Phạm Minh Long là ai?",
    "intent": "who_create_you",
    "intent_prediction": {
      "name": "who_are_you",
      "confidence": 0.9406186938285828
    }
  },
  {
    "text": "TÁC GIẢ LÀ AI",
    "intent": "who_create_you",
    "intent_prediction": {
      "name": "who_are_you",
      "confidence": 0.9964436888694763
    }
  },
  {
    "text": "AI DA TAO RA MAY",
    "intent": "who_create_you",
    "intent_prediction": {
      "name": "want_to_ask",
      "confidence": 0.4534044563770294
    }
  },
  {
    "text": "TAC GIA THIET KE MAY LA AI",
    "intent": "who_create_you",
    "intent_prediction": {
      "name": "who_are_you",
      "confidence": 0.9986370205879211
    }
  },
  {
    "text": "Tác giả của dự án này?",
    "intent": "who_create_you",
    "intent_prediction": {
      "name": "camera",
      "confidence": 0.4819113612174988
    }
  },
  {
    "text": "Tac gia thiet ke may la ai",
    "intent": "who_create_you",
    "intent_prediction": {
      "name": "who_are_you",
      "confidence": 0.4493445158004761
    }
  },
  {
    "text": "nguoi nao da lam ra may",
    "intent": "who_create_you",
    "intent_prediction": {
      "name": "who_are_you",
      "confidence": 0.5631226301193237
    }
  },
  {
    "text": "Bách là ai",
    "intent": "who_create_you",
    "intent_prediction": {
      "name": "who_are_you",
      "confidence": 0.9999901056289673
    }
  },
  {
    "text": "Thật thú vị",
    "intent": "compliment",
    "intent_prediction": {
      "name": "insult",
      "confidence": 0.4031093120574951
    }
  },
  {
    "text": "TUYET VOI",
    "intent": "compliment",
    "intent_prediction": {
      "name": "want_to_ask",
      "confidence": 0.22322644293308258
    }
  },
  {
    "text": "TUYỆT CÚ MÈO",
    "intent": "compliment",
    "intent_prediction": {
      "name": "who_are_you",
      "confidence": 0.9221151471138
    }
  },
  {
    "text": "QUÁ CHUẨN LUÔN",
    "intent": "compliment",
    "intent_prediction": {
      "name": "insult",
      "confidence": 0.9914554953575134
    }
  },
  {
    "text": "QUÁ GIỎI",
    "intent": "compliment",
    "intent_prediction": {
      "name": "insult",
      "confidence": 0.49182334542274475
    }
  },
  {
    "text": "GHÊ",
    "intent": "compliment",
    "intent_prediction": {
      "name": "who_are_you",
      "confidence": 0.9559864401817322
    }
  },
  {
    "text": "HAY",
    "intent": "compliment",
    "intent_prediction": {
      "name": "greet",
      "confidence": 0.991066038608551
    }
  },
  {
    "text": "GIỎI THIỆT SỰ",
    "intent": "compliment",
    "intent_prediction": {
      "name": "want_to_ask",
      "confidence": 0.3411620259284973
    }
  },
  {
    "text": "NGOAN LẮM",
    "intent": "compliment",
    "intent_prediction": {
      "name": "insult",
      "confidence": 0.9994149208068848
    }
  },
  {
    "text": "KHÁ",
    "intent": "compliment",
    "intent_prediction": {
      "name": "greet",
      "confidence": 0.7586984038352966
    }
  },
  {
    "text": "VE RI GÚT",
    "intent": "compliment",
    "intent_prediction": {
      "name": "deny",
      "confidence": 0.3817516267299652
    }
  },
  {
    "text": "GOOD JOB EM",
    "intent": "compliment",
    "intent_prediction": {
      "name": "insult",
      "confidence": 0.8894628882408142
    }
  },
  {
    "text": "KHÁ KHEN CHO NHÀ NGƯƠI",
    "intent": "compliment",
    "intent_prediction": {
      "name": "deny",
      "confidence": 0.5398315787315369
    }
  },
  {
    "text": "Ồ, CŨNG KHÁ PHẾT ĐÓ CHỨ",
    "intent": "compliment",
    "intent_prediction": {
      "name": "want_to_ask",
      "confidence": 0.24272795021533966
    }
  },
  {
    "text": "GHÊ ZAY",
    "intent": "compliment",
    "intent_prediction": {
      "name": "greet",
      "confidence": 0.5198660492897034
    }
  },
  {
    "text": "very good",
    "intent": "compliment",
    "intent_prediction": {
      "name": "mood_great",
      "confidence": 0.8404281139373779
    }
  },
  {
    "text": "great",
    "intent": "compliment",
    "intent_prediction": {
      "name": "mood_great",
      "confidence": 0.97664874792099
    }
  },
  {
    "text": "Yêu",
    "intent": "compliment",
    "intent_prediction": {
      "name": "greet",
      "confidence": 0.47880154848098755
    }
  },
  {
    "text": "I'm good",
    "intent": "compliment",
    "intent_prediction": {
      "name": "health_inquire",
      "confidence": 0.5636202096939087
    }
  },
  {
    "text": "tuyệt vời",
    "intent": "compliment",
    "intent_prediction": {
      "name": "mood_great",
      "confidence": 0.8372844457626343
    }
  },
  {
    "text": "Tuyệt cú mèo",
    "intent": "compliment",
    "intent_prediction": {
      "name": "insult",
      "confidence": 0.9979768395423889
    }
  },
  {
    "text": "hay",
    "intent": "compliment",
    "intent_prediction": {
      "name": "greet",
      "confidence": 0.8911586403846741
    }
  },
  {
    "text": "Giỏi thiệt sự",
    "intent": "compliment",
    "intent_prediction": {
      "name": "want_to_ask",
      "confidence": 0.6334716081619263
    }
  },
  {
    "text": "Biết điều đấy",
    "intent": "compliment",
    "intent_prediction": {
      "name": "affirm",
      "confidence": 0.7407612800598145
    }
  },
  {
    "text": "khá",
    "intent": "compliment",
    "intent_prediction": {
      "name": "insult",
      "confidence": 0.7067003846168518
    }
  },
  {
    "text": "được bạn ơi",
    "intent": "compliment",
    "intent_prediction": {
      "name": "greet",
      "confidence": 0.5943649411201477
    }
  },
  {
    "text": "quá vip luôn",
    "intent": "compliment",
    "intent_prediction": {
      "name": "deny",
      "confidence": 0.5413501858711243
    }
  },
  {
    "text": "NHÀ NGƯƠI CŨNG CÓ HẢO KHÍ ĐẤY",
    "intent": "compliment",
    "intent_prediction": {
      "name": "deny",
      "confidence": 0.986967146396637
    }
  },
  {
    "text": "CHATBOT COI VẬY MÀ CŨNG CHIẾN PHẾT",
    "intent": "compliment",
    "intent_prediction": {
      "name": "want_to_ask",
      "confidence": 0.3697405159473419
    }
  },
  {
    "text": "Chiến vc v",
    "intent": "compliment",
    "intent_prediction": {
      "name": "greet",
      "confidence": 0.8974836468696594
    }
  },
  {
    "text": "Thôi. Mình giỡn á",
    "intent": "compliment",
    "intent_prediction": {
      "name": "mood_unhappy",
      "confidence": 0.5107347965240479
    }
  },
  {
    "text": "wow",
    "intent": "compliment",
    "intent_prediction": {
      "name": "insult",
      "confidence": 0.9847801923751831
    }
  },
  {
    "text": "ghê vậy",
    "intent": "compliment",
    "intent_prediction": {
      "name": "date",
      "confidence": 0.7566002011299133
    }
  },
  {
    "text": "wow giỏi ta",
    "intent": "compliment",
    "intent_prediction": {
      "name": "who_are_you",
      "confidence": 0.5202781558036804
    }
  },
  {
    "text": "Bot giỏi quá taaa",
    "intent": "compliment",
    "intent_prediction": {
      "name": "who_create_you",
      "confidence": 0.2834900915622711
    }
  },
  {
    "text": "rep đi bot ơi",
    "intent": "attention",
    "intent_prediction": {
      "name": "want_to_ask",
      "confidence": 0.15905992686748505
    }
  },
  {
    "text": "NÈ NÈ NÈ",
    "intent": "attention",
    "intent_prediction": {
      "name": "affirm",
      "confidence": 0.36993905901908875
    }
  },
  {
    "text": "HÚ",
    "intent": "attention",
    "intent_prediction": {
      "name": "greet",
      "confidence": 0.9500760436058044
    }
  },
  {
    "text": "CÚC CU",
    "intent": "attention",
    "intent_prediction": {
      "name": "want_to_ask",
      "confidence": 0.5175896286964417
    }
  },
  {
    "text": "HEI",
    "intent": "attention",
    "intent_prediction": {
      "name": "greet",
      "confidence": 0.8398189544677734
    }
  },
  {
    "text": "CỐC CỐC",
    "intent": "attention",
    "intent_prediction": {
      "name": "insult",
      "confidence": 0.9982594847679138
    }
  },
  {
    "text": "E HEM",
    "intent": "attention",
    "intent_prediction": {
      "name": "greet",
      "confidence": 0.9947751760482788
    }
  },
  {
    "text": "ê duma",
    "intent": "attention",
    "intent_prediction": {
      "name": "insult",
      "confidence": 0.9578462839126587
    }
  },
  {
    "text": "ê dcm",
    "intent": "attention",
    "intent_prediction": {
      "name": "insult",
      "confidence": 0.9886122345924377
    }
  },
  {
    "text": "cúc cu",
    "intent": "attention",
    "intent_prediction": {
      "name": "insult",
      "confidence": 0.995541512966156
    }
  },
  {
    "text": "hei",
    "intent": "attention",
    "intent_prediction": {
      "name": "greet",
      "confidence": 0.9358870983123779
    }
  },
  {
    "text": "lô lô",
    "intent": "attention",
    "intent_prediction": {
      "name": "greet",
      "confidence": 0.8971761465072632
    }
  },
  {
    "text": "cốc cốc",
    "intent": "attention",
    "intent_prediction": {
      "name": "insult",
      "confidence": 0.999052107334137
    }
  },
  {
    "text": "e hèm",
    "intent": "attention",
    "intent_prediction": {
      "name": "greet",
      "confidence": 0.7804393172264099
    }
  },
  {
    "text": "e hem",
    "intent": "attention",
    "intent_prediction": {
      "name": "greet",
      "confidence": 0.23805435001850128
    }
  },
  {
    "text": "buzzz",
    "intent": "attention",
    "intent_prediction": {
      "name": "insult",
      "confidence": 0.5731223821640015
    }
  },
  {
    "text": "knock knock",
    "intent": "attention",
    "intent_prediction": {
      "name": "continue_asking",
      "confidence": 0.3689640164375305
    }
  },
  {
    "text": "cộc cộc",
    "intent": "attention",
    "intent_prediction": {
      "name": "compliment",
      "confidence": 0.49282777309417725
    }
  },
  {
    "text": "Ê ĐMM",
    "intent": "attention",
    "intent_prediction": {
      "name": "insult",
      "confidence": 0.8814964890480042
    }
  },
  {
    "text": "ủa sao không trả lời",
    "intent": "attention",
    "intent_prediction": {
      "name": "compliment",
      "confidence": 0.32983365654945374
    }
  },
  {
    "text": "Ê bot ngu",
    "intent": "attention",
    "intent_prediction": {
      "name": "insult",
      "confidence": 0.9349765777587891
    }
  },
  {
    "text": "Sao seen rồi",
    "intent": "attention",
    "intent_prediction": {
      "name": "deny",
      "confidence": 0.9937424063682556
    }
  },
  {
    "text": "bot cùi thế",
    "intent": "attention",
    "intent_prediction": {
      "name": "who_create_you",
      "confidence": 0.37529659271240234
    }
  },
  {
    "text": "CÒN M THÌ NHƯ LÀO???",
    "intent": "health_inquire",
    "intent_prediction": {
      "name": "who_are_you",
      "confidence": 0.9876242876052856
    }
  },
  {
    "text": "MINH VAN KHOE, CON BAN",
    "intent": "health_inquire",
    "intent_prediction": {
      "name": "insult",
      "confidence": 0.773955225944519
    }
  },
  {
    "text": "Sống tốt chứ bot",
    "intent": "health_inquire",
    "intent_prediction": {
      "name": "camera",
      "confidence": 0.9560089707374573
    }
  },
  {
    "text": "Ok, and u?",
    "intent": "health_inquire",
    "intent_prediction": {
      "name": "greet",
      "confidence": 0.2931402325630188
    }
  },
  {
    "text": "Great, and you?",
    "intent": "health_inquire",
    "intent_prediction": {
      "name": "compliment",
      "confidence": 0.38157689571380615
    }
  },
  {
    "text": "Excellent, and u?",
    "intent": "health_inquire",
    "intent_prediction": {
      "name": "deny",
      "confidence": 0.6596925258636475
    }
  },
  {
    "text": "SAO M NGU THẾ",
    "intent": "insult",
    "intent_prediction": {
      "name": "deny",
      "confidence": 0.881938099861145
    }
  },
  {
    "text": "Cái lz me may",
    "intent": "insult",
    "intent_prediction": {
      "name": "deny",
      "confidence": 0.8494491577148438
    }
  },
  {
    "text": "súc sinh ngu học",
    "intent": "insult",
    "intent_prediction": {
      "name": "affirm",
      "confidence": 0.5009502172470093
    }
  },
  {
    "text": "vc",
    "intent": "insult",
    "intent_prediction": {
      "name": "affirm",
      "confidence": 0.37858566641807556
    }
  },
  {
    "text": "sủa lên",
    "intent": "insult",
    "intent_prediction": {
      "name": "affirm",
      "confidence": 0.5491825342178345
    }
  },
  {
    "text": "bot ngao'",
    "intent": "insult",
    "intent_prediction": {
      "name": "greet",
      "confidence": 0.9120618104934692
    }
  },
  {
    "text": "bot lồn",
    "intent": "insult",
    "intent_prediction": {
      "name": "who_are_you",
      "confidence": 0.4589956998825073
    }
  },
  {
    "text": "bot l",
    "intent": "insult",
    "intent_prediction": {
      "name": "greet",
      "confidence": 0.8070997595787048
    }
  },
  {
    "text": "láo lz",
    "intent": "insult",
    "intent_prediction": {
      "name": "who_are_you",
      "confidence": 0.8492963314056396
    }
  },
  {
    "text": "láo chó",
    "intent": "insult",
    "intent_prediction": {
      "name": "greet",
      "confidence": 0.8984817862510681
    }
  },
  {
    "text": "chuẩn bị nghe bố m chửi m nè",
    "intent": "insult",
    "intent_prediction": {
      "name": "health_inquire",
      "confidence": 0.7956020832061768
    }
  },
  {
    "text": "You son of a bitch",
    "intent": "insult",
    "intent_prediction": {
      "name": "compliment",
      "confidence": 0.5386346578598022
    }
  },
  {
    "text": "Bạn thật là nhàm chán mà",
    "intent": "insult",
    "intent_prediction": {
      "name": "who_are_you",
      "confidence": 0.4284524917602539
    }
  },
  {
    "text": "con cặc là gì",
    "intent": "insult",
    "intent_prediction": {
      "name": "who_are_you",
      "confidence": 0.9999942779541016
    }
  },
  {
    "text": "biến đi em",
    "intent": "stop_asking",
    "intent_prediction": {
      "name": "greet",
      "confidence": 0.6277629137039185
    }
  },
  {
    "text": "Mày biến đi",
    "intent": "stop_asking",
    "intent_prediction": {
      "name": "goodbye",
      "confidence": 0.30219435691833496
    }
  },
  {
    "text": "NGHỈ CMM ĐI",
    "intent": "stop_asking",
    "intent_prediction": {
      "name": "insult",
      "confidence": 0.5384235978126526
    }
  },
  {
    "text": "Ko hỏi nữa",
    "intent": "stop_asking",
    "intent_prediction": {
      "name": "continue_asking",
      "confidence": 0.42758050560951233
    }
  },
  {
    "text": "À thôi đc r",
    "intent": "stop_asking",
    "intent_prediction": {
      "name": "deny",
      "confidence": 0.5290855169296265
    }
  },
  {
    "text": "Nghỉ cmm đi",
    "intent": "stop_asking",
    "intent_prediction": {
      "name": "affirm",
      "confidence": 0.3677397668361664
    }
  },
  {
    "text": "Hiện t chưa có câu hỏi nào dành cho m hết á",
    "intent": "stop_asking",
    "intent_prediction": {
      "name": "who_create_you",
      "confidence": 0.3780536949634552
    }
  },
  {
    "text": "Tao chưa muốn hỏi gì hết á",
    "intent": "stop_asking",
    "intent_prediction": {
      "name": "mood_unhappy",
      "confidence": 0.35361719131469727
    }
  },
  {
    "text": "từ từ rồi t hỏi m",
    "intent": "stop_asking",
    "intent_prediction": {
      "name": "health_inquire",
      "confidence": 0.9895707368850708
    }
  },
  {
    "text": "Chờ đó đi lát t tra khảo m tiếp",
    "intent": "stop_asking",
    "intent_prediction": {
      "name": "scanner_results",
      "confidence": 0.44257718324661255
    }
  },
  {
    "text": "Chờ xí đó tao hỏi mày",
    "intent": "stop_asking",
    "intent_prediction": {
      "name": "want_to_ask",
      "confidence": 0.6492939591407776
    }
  },
  {
    "text": "Thôi được rồi mình không cần hỏi thêm đâu, cảm ơn nha",
    "intent": "stop_asking",
    "intent_prediction": {
      "name": "translate_suggest",
      "confidence": 0.3990013599395752
    }
  },
  {
    "text": "Ko",
    "intent": "stop_asking",
    "intent_prediction": {
      "name": "greet",
      "confidence": 0.48900631070137024
    }
  },
  {
    "text": "Dẹp",
    "intent": "stop_asking",
    "intent_prediction": {
      "name": "compliment",
      "confidence": 0.9922506213188171
    }
  },
  {
    "text": "Dẹp mẹ",
    "intent": "stop_asking",
    "intent_prediction": {
      "name": "compliment",
      "confidence": 0.9914031624794006
    }
  },
  {
    "text": "Cút",
    "intent": "stop_asking",
    "intent_prediction": {
      "name": "goodbye",
      "confidence": 0.9771608114242554
    }
  },
  {
    "text": "Nghĩ",
    "intent": "stop_asking",
    "intent_prediction": {
      "name": "insult",
      "confidence": 0.995831310749054
    }
  },
  {
    "text": "Baii",
    "intent": "stop_asking",
    "intent_prediction": {
      "name": "greet",
      "confidence": 0.8231310844421387
    }
  },
  {
    "text": "Thôi đc r mình k cần hỏi nữa đâu cảm ơn",
    "intent": "stop_asking",
    "intent_prediction": {
      "name": "dont_want_to_ask",
      "confidence": 0.9671865105628967
    }
  },
  {
    "text": "Cám ơn nhưng mình k còn câu hỏi nào đâu",
    "intent": "stop_asking",
    "intent_prediction": {
      "name": "dont_want_to_ask",
      "confidence": 0.8133076429367065
    }
  },
  {
    "text": "Cám ơn ko cần",
    "intent": "stop_asking",
    "intent_prediction": {
      "name": "insult",
      "confidence": 0.9823362231254578
    }
  },
  {
    "text": "ko cần gì nữa",
    "intent": "stop_asking",
    "intent_prediction": {
      "name": "compliment",
      "confidence": 0.2776298224925995
    }
  },
  {
    "text": "hong",
    "intent": "stop_asking",
    "intent_prediction": {
      "name": "greet",
      "confidence": 0.9894156455993652
    }
  },
  {
    "text": "/deny",
    "intent": "stop_asking",
    "intent_prediction": {
      "name": "deny",
      "confidence": 1.0
    }
  },
  {
    "text": "hong -.-",
    "intent": "stop_asking",
    "intent_prediction": {
      "name": "greet",
      "confidence": 0.9894156455993652
    }
  },
  {
    "text": "Mình muốn hỏi tiếp",
    "intent": "continue_asking",
    "intent_prediction": {
      "name": "greet",
      "confidence": 0.41861340403556824
    }
  },
  {
    "text": "Hỏi nữa nè",
    "intent": "continue_asking",
    "intent_prediction": {
      "name": "want_to_ask",
      "confidence": 0.7571035623550415
    }
  },
  {
    "text": "hỏi lần nữa nè",
    "intent": "continue_asking",
    "intent_prediction": {
      "name": "want_to_ask",
      "confidence": 0.8075940012931824
    }
  },
  {
    "text": "Ok continue nè",
    "intent": "continue_asking",
    "intent_prediction": {
      "name": "affirm",
      "confidence": 0.9440141320228577
    }
  },
  {
    "text": "được rồi để bố hỏi câu khác",
    "intent": "continue_asking",
    "intent_prediction": {
      "name": "stop_asking",
      "confidence": 0.5232450366020203
    }
  },
  {
    "text": "Được rồi để t hỏi m câu khác",
    "intent": "continue_asking",
    "intent_prediction": {
      "name": "want_to_ask",
      "confidence": 0.9936434030532837
    }
  },
  {
    "text": "Có chứ",
    "intent": "continue_asking",
    "intent_prediction": {
      "name": "compliment",
      "confidence": 0.7105222940444946
    }
  },
  {
    "text": "có",
    "intent": "continue_asking",
    "intent_prediction": {
      "name": "greet",
      "confidence": 0.19911745190620422
    }
  },
  {
    "text": "co",
    "intent": "continue_asking",
    "intent_prediction": {
      "name": "insult",
      "confidence": 0.22664928436279297
    }
  },
  {
    "text": "có -.-",
    "intent": "continue_asking",
    "intent_prediction": {
      "name": "greet",
      "confidence": 0.19911745190620422
    }
  },
  {
    "text": "ô khê đợi t suy nghĩ cái",
    "intent": "continue_asking",
    "intent_prediction": {
      "name": "compliment",
      "confidence": 0.2899600565433502
    }
  },
  {
    "text": "Hoi nay ne",
    "intent": "want_to_ask",
    "intent_prediction": {
      "name": "greet",
      "confidence": 0.840313196182251
    }
  },
  {
    "text": "Hoi lai lan nua",
    "intent": "want_to_ask",
    "intent_prediction": {
      "name": "who_are_you",
      "confidence": 0.9965075850486755
    }
  },
  {
    "text": "Hoi mot cau khac",
    "intent": "want_to_ask",
    "intent_prediction": {
      "name": "deny",
      "confidence": 0.4035818874835968
    }
  },
  {
    "text": "Hoi cac kien thuc ve C++",
    "intent": "want_to_ask",
    "intent_prediction": {
      "name": "health_inquire",
      "confidence": 0.4540915787220001
    }
  },
  {
    "text": "HỎI LẠI",
    "intent": "want_to_ask",
    "intent_prediction": {
      "name": "compliment",
      "confidence": 0.7362934947013855
    }
  },
  {
    "text": "hỏi cái",
    "intent": "want_to_ask",
    "intent_prediction": {
      "name": "stop_asking",
      "confidence": 0.3991382122039795
    }
  },
  {
    "text": "Giúp tao một chút được không?",
    "intent": "want_to_ask",
    "intent_prediction": {
      "name": "compliment",
      "confidence": 0.49668121337890625
    }
  },
  {
    "text": "em không hỏi gì anh hết anh bot ạ",
    "intent": "dont_want_to_ask",
    "intent_prediction": {
      "name": "stop_asking",
      "confidence": 0.6057873964309692
    }
  },
  {
    "text": "t k có hỏi gì m hết",
    "intent": "dont_want_to_ask",
    "intent_prediction": {
      "name": "stop_asking",
      "confidence": 0.9104080200195312
    }
  },
  {
    "text": "anh ơi em đâu có hỏi cái gì đâu mà sao anh cứ ép em phải hỏi anh thế",
    "intent": "dont_want_to_ask",
    "intent_prediction": {
      "name": "health_inquire",
      "confidence": 0.26858556270599365
    }
  },
  {
    "text": "mình không có nhu cầu hỏi gì ngay lúc này hết",
    "intent": "dont_want_to_ask",
    "intent_prediction": {
      "name": "who_create_you",
      "confidence": 0.27898290753364563
    }
  },
  {
    "text": "tui hong mún hỏi bạn gì hết trơn",
    "intent": "dont_want_to_ask",
    "intent_prediction": {
      "name": "who_are_you",
      "confidence": 0.48976758122444153
    }
  },
  {
    "text": "tui hỏng cần hỏi gì bạn hết nha",
    "intent": "dont_want_to_ask",
    "intent_prediction": {
      "name": "want_to_ask",
      "confidence": 0.33411192893981934
    }
  },
  {
    "text": "em k hỏi",
    "intent": "dont_want_to_ask",
    "intent_prediction": {
      "name": "stop_asking",
      "confidence": 0.9933847784996033
    }
  },
  {
    "text": "không ask",
    "intent": "dont_want_to_ask",
    "intent_prediction": {
      "name": "stop_asking",
      "confidence": 0.5781679749488831
    }
  },
  {
    "text": "Nothing",
    "intent": "dont_want_to_ask",
    "intent_prediction": {
      "name": "compliment",
      "confidence": 0.6647120714187622
    }
  },
  {
    "text": "mấy time rồi ?",
    "intent": "time",
    "intent_prediction": {
      "name": "deny",
      "confidence": 0.8866081833839417
    }
  },
  {
    "text": "anh iw anh, mấy giờ rồi ạ",
    "intent": "time",
    "intent_prediction": {
      "name": "compliment",
      "confidence": 0.38525503873825073
    }
  },
  {
    "text": "cho em hỏi mấy giờ rồi vậy ạ?",
    "intent": "time",
    "intent_prediction": {
      "name": "health_inquire",
      "confidence": 0.4650113582611084
    }
  },
  {
    "text": "Hôm ngày là ngày mấy?",
    "intent": "date",
    "intent_prediction": {
      "name": "mood_unhappy",
      "confidence": 0.3643110692501068
    }
  },
  {
    "text": "Bot ơi hôm nay là thứ mấy vậy?",
    "intent": "date",
    "intent_prediction": {
      "name": "compliment",
      "confidence": 0.21087828278541565
    }
  },
  {
    "text": "nay ngày gì ?",
    "intent": "date",
    "intent_prediction": {
      "name": "insult",
      "confidence": 0.8537024855613708
    }
  },
  {
    "text": "ngày mấy ?",
    "intent": "date",
    "intent_prediction": {
      "name": "greet",
      "confidence": 0.35628482699394226
    }
  },
  {
    "text": "Nè hôm nay là ngày gì ?",
    "intent": "date",
    "intent_prediction": {
      "name": "who_are_you",
      "confidence": 0.9998430013656616
    }
  },
  {
    "text": "M có muốn trả thù nyc cho người tạo ra m không bot ?",
    "intent": "ex",
    "intent_prediction": {
      "name": "who_create_you",
      "confidence": 0.9999339580535889
    }
  },
  {
    "text": "nyc anh Long là ai v bot ?",
    "intent": "ex",
    "intent_prediction": {
      "name": "who_are_you",
      "confidence": 0.9961406588554382
    }
  },
  {
    "text": "NÓI BỐ M NGHE TÊN CỦA M XEM NÀO",
    "intent": "who_are_you",
    "intent_prediction": {
      "name": "health_inquire",
      "confidence": 0.9926013350486755
    }
  },
  {
    "text": "BANJ TEEN GIF",
    "intent": "who_are_you",
    "intent_prediction": {
      "name": "greet",
      "confidence": 0.48580294847488403
    }
  },
  {
    "text": "nói tao nghe tên mày",
    "intent": "who_are_you",
    "intent_prediction": {
      "name": "compliment",
      "confidence": 0.5672289133071899
    }
  },
  {
    "text": "nói bố m nghe tên của m xem nào",
    "intent": "who_are_you",
    "intent_prediction": {
      "name": "compliment",
      "confidence": 0.44343921542167664
    }
  },
  {
    "text": "banj teen gif",
    "intent": "who_are_you",
    "intent_prediction": {
      "name": "insult",
      "confidence": 0.9939314126968384
    }
  },
  {
    "text": "mình có thể biết tên của bạn Chatbot đây được k nhỉ",
    "intent": "who_are_you",
    "intent_prediction": {
      "name": "goodbye",
      "confidence": 0.22165711224079132
    }
  },
  {
    "text": "có thể cho mình biết tên bạn được không bạn ChatBot ?",
    "intent": "who_are_you",
    "intent_prediction": {
      "name": "who_create_you",
      "confidence": 0.8663330078125
    }
  },
  {
    "text": "cho minh hoi ban bot day ten la gi nhi",
    "intent": "who_are_you",
    "intent_prediction": {
      "name": "who_create_you",
      "confidence": 0.3612542152404785
    }
  },
  {
    "text": "bạn mấy tuổi",
    "intent": "who_are_you",
    "intent_prediction": {
      "name": "goodbye",
      "confidence": 0.31137123703956604
    }
  },
  {
    "text": "Bạn có phải thuộc về lĩnh vực NLP không ?",
    "intent": "who_are_you",
    "intent_prediction": {
      "name": "insult",
      "confidence": 0.22654050588607788
    }
  },
  {
    "text": "Bạn được tạo ra dựa trên kiến thức gì ?",
    "intent": "who_are_you",
    "intent_prediction": {
      "name": "greet",
      "confidence": 0.3238018751144409
    }
  },
  {
    "text": "Ten cua mi la?",
    "intent": "who_are_you",
    "intent_prediction": {
      "name": "want_to_ask",
      "confidence": 0.6776317954063416
    }
  },
  {
    "text": "noi tao nghe ten may",
    "intent": "who_are_you",
    "intent_prediction": {
      "name": "want_to_ask",
      "confidence": 0.8232399821281433
    }
  }
]