{
  "translate_suggest": {
    "precision": 0.8695652173913043,
    "recall": 0.9523809523809523,
    "f1-score": 0.909090909090909,
    "support": 21,
    "confused_with": {
      "health_inquire": 1
    }
  },
  "continue_asking": {
    "precision": 0.6842105263157895,
    "recall": 0.6190476190476191,
    "f1-score": 0.6500000000000001,
    "support": 63,
    "confused_with": {
      "affirm": 5,
      "greet": 4
    }
  },
  "who_create_you": {
    "precision": 0.83,
    "recall": 0.7345132743362832,
    "f1-score": 0.7793427230046949,
    "support": 113,
    "confused_with": {
      "who_are_you": 10,
      "goodbye": 4
    }
  },
  "attention": {
    "precision": 0.6,
    "recall": 0.3582089552238806,
    "f1-score": 0.44859813084112143,
    "support": 67,
    "confused_with": {
      "greet": 19,
      "insult": 13
    }
  },
  "food_recommender_suggest": {
    "precision": 1.0,
    "recall": 1.0,
    "f1-score": 1.0,
    "support": 19,
    "confused_with": {}
  },
  "affirm": {
    "precision": 0.5396825396825397,
    "recall": 0.4358974358974359,
    "f1-score": 0.48226950354609927,
    "support": 78,
    "confused_with": {
      "compliment": 11,
      "greet": 6
    }
  },
  "scanner_load_model": {
    "precision": 0.9230769230769231,
    "recall": 1.0,
    "f1-score": 0.9600000000000001,
    "support": 24,
    "confused_with": {}
  },
  "deny": {
    "precision": 0.7991266375545851,
    "recall": 0.8133333333333334,
    "f1-score": 0.8061674008810573,
    "support": 225,
    "confused_with": {
      "compliment": 9,
      "affirm": 7
    }
  },
  "scanner_gallery": {
    "precision": 0.11764705882352941,
    "recall": 0.125,
    "f1-score": 0.12121212121212122,
    "support": 16,
    "confused_with": {
      "camera": 13,
      "scanner_load_model": 1
    }
  },
  "health_inquire": {
    "precision": 0.9121338912133892,
    "recall": 0.9045643153526971,
    "f1-score": 0.9083333333333334,
    "support": 241,
    "confused_with": {
      "deny": 4,
      "compliment": 3
    }
  },
  "mood_unhappy": {
    "precision": 0.6388888888888888,
    "recall": 0.7931034482758621,
    "f1-score": 0.7076923076923076,
    "support": 29,
    "confused_with": {
      "deny": 2,
      "camera": 1
    }
  },
  "date": {
    "precision": 0.6153846153846154,
    "recall": 0.5333333333333333,
    "f1-score": 0.5714285714285715,
    "support": 15,
    "confused_with": {
      "greet": 2,
      "time": 1
    }
  },
  "camera": {
    "precision": 0.5964912280701754,
    "recall": 0.6666666666666666,
    "f1-score": 0.6296296296296297,
    "support": 51,
    "confused_with": {
      "scanner_gallery": 14,
      "who_create_you": 2
    }
  },
  "scanner_results": {
    "precision": 0.9,
    "recall": 0.9,
    "f1-score": 0.9,
    "support": 20,
    "confused_with": {
      "who_create_you": 1,
      "mood_unhappy": 1
    }
  },
  "stop_asking": {
    "precision": 0.8551724137931035,
    "recall": 0.7607361963190185,
    "f1-score": 0.8051948051948054,
    "support": 163,
    "confused_with": {
      "greet": 9,
      "want_to_ask": 5
    }
  },
  "compliment": {
    "precision": 0.39622641509433965,
    "recall": 0.4117647058823529,
    "f1-score": 0.40384615384615385,
    "support": 102,
    "confused_with": {
      "insult": 14,
      "deny": 10
    }
  },
  "who_are_you": {
    "precision": 0.832,
    "recall": 0.9004329004329005,
    "f1-score": 0.8648648648648648,
    "support": 231,
    "confused_with": {
      "want_to_ask": 4,
      "deny": 3
    }
  },
  "scanner_run_model": {
    "precision": 0.9375,
    "recall": 1.0,
    "f1-score": 0.967741935483871,
    "support": 15,
    "confused_with": {}
  },
  "want_to_ask": {
    "precision": 0.80625,
    "recall": 0.9214285714285714,
    "f1-score": 0.86,
    "support": 140,
    "confused_with": {
      "compliment": 2,
      "continue_asking": 2
    }
  },
  "goodbye": {
    "precision": 0.7213114754098361,
    "recall": 0.6376811594202898,
    "f1-score": 0.6769230769230768,
    "support": 69,
    "confused_with": {
      "greet": 5,
      "insult": 4
    }
  },
  "dont_want_to_ask": {
    "precision": 0.7407407407407407,
    "recall": 0.5714285714285714,
    "f1-score": 0.6451612903225806,
    "support": 35,
    "confused_with": {
      "stop_asking": 8,
      "who_create_you": 1
    }
  },
  "ex": {
    "precision": 1.0,
    "recall": 0.3333333333333333,
    "f1-score": 0.5,
    "support": 6,
    "confused_with": {
      "mood_great": 2,
      "who_create_you": 1
    }
  },
  "scanner_suggest": {
    "precision": 0.9873417721518988,
    "recall": 1.0,
    "f1-score": 0.9936305732484078,
    "support": 78,
    "confused_with": {}
  },
  "time": {
    "precision": 0.6956521739130435,
    "recall": 0.8,
    "f1-score": 0.7441860465116279,
    "support": 20,
    "confused_with": {
      "health_inquire": 1,
      "compliment": 1
    }
  },
  "how_to_use": {
    "precision": 0.9090909090909091,
    "recall": 0.7142857142857143,
    "f1-score": 0.8,
    "support": 14,
    "confused_with": {
      "scanner_suggest": 1,
      "continue_asking": 1
    }
  },
  "insult": {
    "precision": 0.7218045112781954,
    "recall": 0.8205128205128205,
    "f1-score": 0.768,
    "support": 234,
    "confused_with": {
      "greet": 8,
      "who_are_you": 8
    }
  },
  "greet": {
    "precision": 0.615819209039548,
    "recall": 0.6728395061728395,
    "f1-score": 0.6430678466076697,
    "support": 162,
    "confused_with": {
      "insult": 15,
      "attention": 8
    }
  },
  "mood_great": {
    "precision": 0.6326530612244898,
    "recall": 0.5166666666666667,
    "f1-score": 0.5688073394495414,
    "support": 60,
    "confused_with": {
      "compliment": 12,
      "mood_unhappy": 5
    }
  },
  "accuracy": 0.7568152315015145,
  "macro avg": {
    "precision": 0.7456346502906374,
    "recall": 0.7106128385618266,
    "f1-score": 0.7183995915397302,
    "support": 2311
  },
  "weighted avg": {
    "precision": 0.7560390185690896,
    "recall": 0.7568152315015145,
    "f1-score": 0.7530473346149203,
    "support": 2311
  },
  "micro avg": {
    "precision": 0.7568152315015145,
    "recall": 0.7568152315015145,
    "f1-score": 0.7568152315015145,
    "support": 2311
  }
}