[
  {
    "text": "HEYYY",
    "intent": "greet",
    "intent_prediction": {
      "name": "attention",
      "confidence": 0.9826185703277588
    }
  },
  {
    "text": "YOOO",
    "intent": "greet",
    "intent_prediction": {
      "name": "compliment",
      "confidence": 0.6752044558525085
    }
  },
  {
    "text": "heyyy",
    "intent": "greet",
    "intent_prediction": {
      "name": "attention",
      "confidence": 0.9826185703277588
    }
  },
  {
    "text": "yooo",
    "intent": "greet",
    "intent_prediction": {
      "name": "compliment",
      "confidence": 0.6752044558525085
    }
  },
  {
    "text": "lô",
    "intent": "greet",
    "intent_prediction": {
      "name": "attention",
      "confidence": 0.9974623918533325
    }
  },
  {
    "text": "bot ơi dậy đi",
    "intent": "greet",
    "intent_prediction": {
      "name": "want_to_ask",
      "confidence": 0.572282612323761
    }
  },
  {
    "text": "Hú",
    "intent": "greet",
    "intent_prediction": {
      "name": "attention",
      "confidence": 0.9957214593887329
    }
  },
  {
    "text": "Hi bott iuuu",
    "intent": "greet",
    "intent_prediction": {
      "name": "deny",
      "confidence": 0.5314677953720093
    }
  },
  {
    "text": "Cuộc sống của bạn như thế nào?",
    "intent": "greet",
    "intent_prediction": {
      "name": "health_inquire",
      "confidence": 0.9997372031211853
    }
  },
  {
    "text": "Chào buổi sáng! Bạn đã ngủ ngon chưa?",
    "intent": "greet",
    "intent_prediction": {
      "name": "deny",
      "confidence": 0.4601045250892639
    }
  },
  {
    "text": "Ừm, lâu quá không gặp nhau! Gần đây bạn làm gì vậy?",
    "intent": "greet",
    "intent_prediction": {
      "name": "goodbye",
      "confidence": 0.3720211088657379
    }
  },
  {
    "text": "cúc",
    "intent": "goodbye",
    "intent_prediction": {
      "name": "insult",
      "confidence": 0.9979985356330872
    }
  },
  {
    "text": "goodbye",
    "intent": "goodbye",
    "intent_prediction": {
      "name": "greet",
      "confidence": 0.6178202629089355
    }
  },
  {
    "text": "Bai Bai",
    "intent": "goodbye",
    "intent_prediction": {
      "name": "greet",
      "confidence": 0.4731784164905548
    }
  },
  {
    "text": "bai",
    "intent": "goodbye",
    "intent_prediction": {
      "name": "greet",
      "confidence": 0.7995970845222473
    }
  },
  {
    "text": "Hẹn ngày mai",
    "intent": "goodbye",
    "intent_prediction": {
      "name": "date",
      "confidence": 0.7201393842697144
    }
  },
  {
    "text": "pp",
    "intent": "goodbye",
    "intent_prediction": {
      "name": "affirm",
      "confidence": 0.35549765825271606
    }
  },
  {
    "text": "cút cmmd",
    "intent": "goodbye",
    "intent_prediction": {
      "name": "stop_asking",
      "confidence": 0.880657434463501
    }
  },
  {
    "text": "stop được r",
    "intent": "goodbye",
    "intent_prediction": {
      "name": "deny",
      "confidence": 0.8048098683357239
    }
  },
  {
    "text": "gặp lại sau",
    "intent": "goodbye",
    "intent_prediction": {
      "name": "insult",
      "confidence": 0.38355502486228943
    }
  },
  {
    "text": "Đến lần sau nhé! Hãy giữ an toàn và khỏe mạnh.",
    "intent": "goodbye",
    "intent_prediction": {
      "name": "compliment",
      "confidence": 0.4065806269645691
    }
  },
  {
    "text": "Đã đến lúc nói lời chia tay. Chăm sóc bản thân nhé!",
    "intent": "goodbye",
    "intent_prediction": {
      "name": "mood_unhappy",
      "confidence": 0.6620866060256958
    }
  },
  {
    "text": "Gặp lại lần sau nhé! Hãy luôn vui vẻ và được phước.",
    "intent": "goodbye",
    "intent_prediction": {
      "name": "attention",
      "confidence": 0.5076772570610046
    }
  },
  {
    "text": "Được rồi mình cảm ơn",
    "intent": "affirm",
    "intent_prediction": {
      "name": "continue_asking",
      "confidence": 0.5448703169822693
    }
  },
  {
    "text": "yes",
    "intent": "affirm",
    "intent_prediction": {
      "name": "greet",
      "confidence": 0.8691614866256714
    }
  },
  {
    "text": "indeed",
    "intent": "affirm",
    "intent_prediction": {
      "name": "compliment",
      "confidence": 0.6941636800765991
    }
  },
  {
    "text": "of course",
    "intent": "affirm",
    "intent_prediction": {
      "name": "insult",
      "confidence": 0.8320327401161194
    }
  },
  {
    "text": "that sounds good",
    "intent": "affirm",
    "intent_prediction": {
      "name": "mood_great",
      "confidence": 0.9569942951202393
    }
  },
  {
    "text": "okela :v",
    "intent": "affirm",
    "intent_prediction": {
      "name": "compliment",
      "confidence": 0.7019932866096497
    }
  },
  {
    "text": "Okela",
    "intent": "affirm",
    "intent_prediction": {
      "name": "greet",
      "confidence": 0.9997132420539856
    }
  },
  {
    "text": "oke la",
    "intent": "affirm",
    "intent_prediction": {
      "name": "greet",
      "confidence": 0.9930508136749268
    }
  },
  {
    "text": "quá đúng",
    "intent": "affirm",
    "intent_prediction": {
      "name": "insult",
      "confidence": 0.9992386102676392
    }
  },
  {
    "text": "hoàn toàn đúng",
    "intent": "affirm",
    "intent_prediction": {
      "name": "compliment",
      "confidence": 0.9443988800048828
    }
  },
  {
    "text": "đúng",
    "intent": "affirm",
    "intent_prediction": {
      "name": "insult",
      "confidence": 0.9945101737976074
    }
  },
  {
    "text": "oke",
    "intent": "affirm",
    "intent_prediction": {
      "name": "greet",
      "confidence": 0.9973414540290833
    }
  },
  {
    "text": "đúng ròi",
    "intent": "affirm",
    "intent_prediction": {
      "name": "insult",
      "confidence": 0.9702262282371521
    }
  },
  {
    "text": "okay đợi t suy nghĩ chút",
    "intent": "affirm",
    "intent_prediction": {
      "name": "compliment",
      "confidence": 0.7547435164451599
    }
  },
  {
    "text": "GOOD VÃI LZZ",
    "intent": "affirm",
    "intent_prediction": {
      "name": "compliment",
      "confidence": 0.9585017561912537
    }
  },
  {
    "text": "Bạn tuyệt vời quá!",
    "intent": "affirm",
    "intent_prediction": {
      "name": "compliment",
      "confidence": 0.9889001846313477
    }
  },
  {
    "text": "Bạn đang tiến bộ xuất sắc.",
    "intent": "affirm",
    "intent_prediction": {
      "name": "compliment",
      "confidence": 0.8462437987327576
    }
  },
  {
    "text": "Bạn có thể làm được!",
    "intent": "affirm",
    "intent_prediction": {
      "name": "deny",
      "confidence": 0.987697422504425
    }
  },
  {
    "text": "Bạn rất tài năng.",
    "intent": "affirm",
    "intent_prediction": {
      "name": "goodbye",
      "confidence": 0.5262398719787598
    }
  },
  {
    "text": "Bạn rất có năng lực!",
    "intent": "affirm",
    "intent_prediction": {
      "name": "goodbye",
      "confidence": 0.24743789434432983
    }
  },
  {
    "text": "n",
    "intent": "deny",
    "intent_prediction": {
      "name": "attention",
      "confidence": 0.28458088636398315
    }
  },
  {
    "text": "not really",
    "intent": "deny",
    "intent_prediction": {
      "name": "mood_great",
      "confidence": 0.7454317808151245
    }
  },
  {
    "text": "bạn không hiểu à",
    "intent": "deny",
    "intent_prediction": {
      "name": "dont_want_to_ask",
      "confidence": 0.6099305748939514
    }
  },
  {
    "text": "Clgt",
    "intent": "deny",
    "intent_prediction": {
      "name": "insult",
      "confidence": 0.9698291420936584
    }
  },
  {
    "text": "TRẢ LỜI VẬY LÀ CHẾT ME R",
    "intent": "deny",
    "intent_prediction": {
      "name": "who_are_you",
      "confidence": 0.8833974599838257
    }
  },
  {
    "text": "YOU WRONG",
    "intent": "deny",
    "intent_prediction": {
      "name": "affirm",
      "confidence": 0.6046616435050964
    }
  },
  {
    "text": "trả lời vậy là chết me r",
    "intent": "deny",
    "intent_prediction": {
      "name": "who_are_you",
      "confidence": 0.8833974599838257
    }
  },
  {
    "text": "you wrong",
    "intent": "deny",
    "intent_prediction": {
      "name": "affirm",
      "confidence": 0.6046616435050964
    }
  },
  {
    "text": "tra loi vay la chet me r",
    "intent": "deny",
    "intent_prediction": {
      "name": "who_are_you",
      "confidence": 0.8833974599838257
    }
  },
  {
    "text": "Mình hỏi mà bạn toàn trả lời không được",
    "intent": "deny",
    "intent_prediction": {
      "name": "dont_want_to_ask",
      "confidence": 0.4282110035419464
    }
  },
  {
    "text": "Xin lỗi, nhưng tôi phải từ chối lời mời của bạn.",
    "intent": "deny",
    "intent_prediction": {
      "name": "goodbye",
      "confidence": 0.45831313729286194
    }
  },
  {
    "text": "Tôi e rằng không thể thực hiện điều đó.",
    "intent": "deny",
    "intent_prediction": {
      "name": "mood_unhappy",
      "confidence": 0.445852667093277
    }
  },
  {
    "text": "great",
    "intent": "mood_great",
    "intent_prediction": {
      "name": "compliment",
      "confidence": 0.9767633676528931
    }
  },
  {
    "text": "amazing",
    "intent": "mood_great",
    "intent_prediction": {
      "name": "compliment",
      "confidence": 0.6486104726791382
    }
  },
  {
    "text": "Amazing good job em",
    "intent": "mood_great",
    "intent_prediction": {
      "name": "compliment",
      "confidence": 0.9963418841362
    }
  },
  {
    "text": "Khá đấy thằng lol",
    "intent": "mood_great",
    "intent_prediction": {
      "name": "compliment",
      "confidence": 0.2645531892776489
    }
  },
  {
    "text": "Được hay lắm",
    "intent": "mood_great",
    "intent_prediction": {
      "name": "compliment",
      "confidence": 0.8477268218994141
    }
  },
  {
    "text": "Ngon",
    "intent": "mood_great",
    "intent_prediction": {
      "name": "compliment",
      "confidence": 0.8322111964225769
    }
  },
  {
    "text": "Được của ló",
    "intent": "mood_great",
    "intent_prediction": {
      "name": "affirm",
      "confidence": 0.8035776615142822
    }
  },
  {
    "text": "Tôi rất phấn khởi!",
    "intent": "mood_great",
    "intent_prediction": {
      "name": "date",
      "confidence": 0.2170681655406952
    }
  },
  {
    "text": "Điều này khiến tôi cảm thấy hân hoan!",
    "intent": "mood_great",
    "intent_prediction": {
      "name": "mood_unhappy",
      "confidence": 0.9888690710067749
    }
  },
  {
    "text": "Nó làm tràn đầy niềm hạnh phúc trong tôi!",
    "intent": "mood_great",
    "intent_prediction": {
      "name": "mood_unhappy",
      "confidence": 0.8515788912773132
    }
  },
  {
    "text": "Tôi không thể kìm nén sự phấn khởi của mình!",
    "intent": "mood_great",
    "intent_prediction": {
      "name": "deny",
      "confidence": 0.9989277720451355
    }
  },
  {
    "text": "Tôi không thể ngừng mỉm cười từ tai này đến tai khác!",
    "intent": "mood_great",
    "intent_prediction": {
      "name": "translate_suggest",
      "confidence": 0.3219527006149292
    }
  },
  {
    "text": "Tôi đang tràn đầy niềm hạnh phúc!",
    "intent": "mood_great",
    "intent_prediction": {
      "name": "mood_unhappy",
      "confidence": 0.7399751543998718
    }
  },
  {
    "text": "Tôi rất hạnh phúc đến không tả nổi!",
    "intent": "mood_great",
    "intent_prediction": {
      "name": "mood_unhappy",
      "confidence": 0.7952864170074463
    }
  },
  {
    "text": "Cảm giác như mơ ước thành hiện thực!",
    "intent": "mood_great",
    "intent_prediction": {
      "name": "affirm",
      "confidence": 0.6115697026252747
    }
  },
  {
    "text": "Tôi cảm thấy như đang ở trên mây thứ chín!",
    "intent": "mood_great",
    "intent_prediction": {
      "name": "mood_unhappy",
      "confidence": 0.9265483021736145
    }
  },
  {
    "text": "Đó là một kết quả thất vọng.",
    "intent": "mood_unhappy",
    "intent_prediction": {
      "name": "scanner_results",
      "confidence": 0.6031903624534607
    }
  },
  {
    "text": "Tôi không ở trong tâm trạng tốt.",
    "intent": "mood_unhappy",
    "intent_prediction": {
      "name": "deny",
      "confidence": 0.42271554470062256
    }
  },
  {
    "text": "Đó là một sự thất vọng nhất định.",
    "intent": "mood_unhappy",
    "intent_prediction": {
      "name": "compliment",
      "confidence": 0.8856009840965271
    }
  },
  {
    "text": "Đó là một sự thất vọng.",
    "intent": "mood_unhappy",
    "intent_prediction": {
      "name": "compliment",
      "confidence": 0.7015476822853088
    }
  },
  {
    "text": "Điều đó khá là thất vọng.",
    "intent": "mood_unhappy",
    "intent_prediction": {
      "name": "mood_great",
      "confidence": 0.5208841562271118
    }
  },
  {
    "text": "Điều đó là một sự thất vọng, ít nhất là vậy.",
    "intent": "mood_unhappy",
    "intent_prediction": {
      "name": "scanner_results",
      "confidence": 0.4136945307254791
    }
  },
  {
    "text": "cái app này sài như thế nào v",
    "intent": "how_to_use",
    "intent_prediction": {
      "name": "deny",
      "confidence": 0.5081482529640198
    }
  },
  {
    "text": "cái app này sao khó sài v bot",
    "intent": "how_to_use",
    "intent_prediction": {
      "name": "health_inquire",
      "confidence": 0.9171150326728821
    }
  },
  {
    "text": "Vai trò của nút camera là gì?",
    "intent": "camera",
    "intent_prediction": {
      "name": "who_are_you",
      "confidence": 0.47833964228630066
    }
  },
  {
    "text": "Nơi nào hiển thị thông tin kết quả vậy?",
    "intent": "scanner_results",
    "intent_prediction": {
      "name": "mood_unhappy",
      "confidence": 0.6647914052009583
    }
  },
  {
    "text": "Bấm vào phím nào để truy cập chế độ quét trang?",
    "intent": "scanner_suggest",
    "intent_prediction": {
      "name": "goodbye",
      "confidence": 0.5371896028518677
    }
  },
  {
    "text": "Biết anh Long không bạn?",
    "intent": "who_create_you",
    "intent_prediction": {
      "name": "health_inquire",
      "confidence": 0.4168684482574463
    }
  },
  {
    "text": "Tại sao m lại bị mắc kẹt trong app mobile này v ?",
    "intent": "who_create_you",
    "intent_prediction": {
      "name": "how_to_use",
      "confidence": 0.3583119809627533
    }
  },
  {
    "text": "LINK FACE TÁC GIẢ",
    "intent": "who_create_you",
    "intent_prediction": {
      "name": "insult",
      "confidence": 0.3483209013938904
    }
  },
  {
    "text": "Tác giả của dự án này?",
    "intent": "who_create_you",
    "intent_prediction": {
      "name": "affirm",
      "confidence": 0.2854301929473877
    }
  },
  {
    "text": "link face tác giả",
    "intent": "who_create_you",
    "intent_prediction": {
      "name": "insult",
      "confidence": 0.3483209013938904
    }
  },
  {
    "text": "Bot oi, ai la nguoi da create m v",
    "intent": "who_create_you",
    "intent_prediction": {
      "name": "compliment",
      "confidence": 0.3200688064098358
    }
  },
  {
    "text": "Long là ai",
    "intent": "who_create_you",
    "intent_prediction": {
      "name": "who_are_you",
      "confidence": 0.9999966621398926
    }
  },
  {
    "text": "Bách là ai",
    "intent": "who_create_you",
    "intent_prediction": {
      "name": "who_are_you",
      "confidence": 0.9995633959770203
    }
  },
  {
    "text": "Thật thú vị",
    "intent": "compliment",
    "intent_prediction": {
      "name": "mood_great",
      "confidence": 0.7168200016021729
    }
  },
  {
    "text": "so weird :v",
    "intent": "compliment",
    "intent_prediction": {
      "name": "mood_great",
      "confidence": 0.9440144896507263
    }
  },
  {
    "text": "QUÁ ĐÃ",
    "intent": "compliment",
    "intent_prediction": {
      "name": "insult",
      "confidence": 0.9518066644668579
    }
  },
  {
    "text": "QUÁ CHUẨN LUÔN",
    "intent": "compliment",
    "intent_prediction": {
      "name": "affirm",
      "confidence": 0.9427362084388733
    }
  },
  {
    "text": "QUÁ GIỎI",
    "intent": "compliment",
    "intent_prediction": {
      "name": "insult",
      "confidence": 0.9699296355247498
    }
  },
  {
    "text": "ĐƯỢC",
    "intent": "compliment",
    "intent_prediction": {
      "name": "affirm",
      "confidence": 0.9055481553077698
    }
  },
  {
    "text": "VE RI GÚT",
    "intent": "compliment",
    "intent_prediction": {
      "name": "insult",
      "confidence": 0.9444588422775269
    }
  },
  {
    "text": "quá đã",
    "intent": "compliment",
    "intent_prediction": {
      "name": "insult",
      "confidence": 0.9518066644668579
    }
  },
  {
    "text": "quá chuẩn luôn",
    "intent": "compliment",
    "intent_prediction": {
      "name": "affirm",
      "confidence": 0.9427362084388733
    }
  },
  {
    "text": "Quá giỏi",
    "intent": "compliment",
    "intent_prediction": {
      "name": "insult",
      "confidence": 0.9699296355247498
    }
  },
  {
    "text": "được",
    "intent": "compliment",
    "intent_prediction": {
      "name": "affirm",
      "confidence": 0.9055481553077698
    }
  },
  {
    "text": "CHATBOT COI VẬY MÀ CŨNG CHIẾN PHẾT",
    "intent": "compliment",
    "intent_prediction": {
      "name": "goodbye",
      "confidence": 0.5514468550682068
    }
  },
  {
    "text": "rep đi bot ơi",
    "intent": "attention",
    "intent_prediction": {
      "name": "continue_asking",
      "confidence": 0.449832558631897
    }
  },
  {
    "text": "QUÂY",
    "intent": "attention",
    "intent_prediction": {
      "name": "affirm",
      "confidence": 0.32220661640167236
    }
  },
  {
    "text": "YÔ YÔ",
    "intent": "attention",
    "intent_prediction": {
      "name": "greet",
      "confidence": 0.9994207620620728
    }
  },
  {
    "text": "quây",
    "intent": "attention",
    "intent_prediction": {
      "name": "affirm",
      "confidence": 0.32220661640167236
    }
  },
  {
    "text": "yô",
    "intent": "attention",
    "intent_prediction": {
      "name": "greet",
      "confidence": 0.5064758062362671
    }
  },
  {
    "text": "yô yô",
    "intent": "attention",
    "intent_prediction": {
      "name": "greet",
      "confidence": 0.9994207620620728
    }
  },
  {
    "text": "cough",
    "intent": "attention",
    "intent_prediction": {
      "name": "insult",
      "confidence": 0.8920119404792786
    }
  },
  {
    "text": "ALOOOOO",
    "intent": "attention",
    "intent_prediction": {
      "name": "greet",
      "confidence": 0.9986522793769836
    }
  },
  {
    "text": "bot cùi thế",
    "intent": "attention",
    "intent_prediction": {
      "name": "insult",
      "confidence": 0.9995476603507996
    }
  },
  {
    "text": "I'm ok, about ya?",
    "intent": "health_inquire",
    "intent_prediction": {
      "name": "goodbye",
      "confidence": 0.3115089535713196
    }
  },
  {
    "text": "THẰNG L",
    "intent": "insult",
    "intent_prediction": {
      "name": "greet",
      "confidence": 0.9664229154586792
    }
  },
  {
    "text": "GÀ",
    "intent": "insult",
    "intent_prediction": {
      "name": "attention",
      "confidence": 0.6352985501289368
    }
  },
  {
    "text": "CÂM MẸ MỒM VÀO CON CHÓ NGU",
    "intent": "insult",
    "intent_prediction": {
      "name": "affirm",
      "confidence": 0.3186013102531433
    }
  },
  {
    "text": "thằng l",
    "intent": "insult",
    "intent_prediction": {
      "name": "greet",
      "confidence": 0.9664229154586792
    }
  },
  {
    "text": "Gà",
    "intent": "insult",
    "intent_prediction": {
      "name": "attention",
      "confidence": 0.6352985501289368
    }
  },
  {
    "text": "Câm mẹ mồm vào con chó ngu",
    "intent": "insult",
    "intent_prediction": {
      "name": "affirm",
      "confidence": 0.3186013102531433
    }
  },
  {
    "text": "Th l đầu cắt moi",
    "intent": "insult",
    "intent_prediction": {
      "name": "stop_asking",
      "confidence": 0.7626873850822449
    }
  },
  {
    "text": "You son of a bitch",
    "intent": "insult",
    "intent_prediction": {
      "name": "goodbye",
      "confidence": 0.439663827419281
    }
  },
  {
    "text": "Dick",
    "intent": "insult",
    "intent_prediction": {
      "name": "stop_asking",
      "confidence": 0.20787350833415985
    }
  },
  {
    "text": "die",
    "intent": "insult",
    "intent_prediction": {
      "name": "greet",
      "confidence": 0.5556221604347229
    }
  },
  {
    "text": "piece of shit",
    "intent": "insult",
    "intent_prediction": {
      "name": "mood_great",
      "confidence": 0.6580681800842285
    }
  },
  {
    "text": "con cặc là gì",
    "intent": "insult",
    "intent_prediction": {
      "name": "who_are_you",
      "confidence": 0.9999973773956299
    }
  },
  {
    "text": "Mày biến đi",
    "intent": "stop_asking",
    "intent_prediction": {
      "name": "who_create_you",
      "confidence": 0.650297224521637
    }
  },
  {
    "text": "À KHÔNG CÓ GÌ",
    "intent": "stop_asking",
    "intent_prediction": {
      "name": "dont_want_to_ask",
      "confidence": 0.6494889855384827
    }
  },
  {
    "text": "Ko hỏi nữa",
    "intent": "stop_asking",
    "intent_prediction": {
      "name": "continue_asking",
      "confidence": 0.5623288154602051
    }
  },
  {
    "text": "À Không có gì",
    "intent": "stop_asking",
    "intent_prediction": {
      "name": "dont_want_to_ask",
      "confidence": 0.6494889855384827
    }
  },
  {
    "text": "chờ cmm đi lát bố m hỏi m lại",
    "intent": "stop_asking",
    "intent_prediction": {
      "name": "dont_want_to_ask",
      "confidence": 0.5871652364730835
    }
  },
  {
    "text": "Không",
    "intent": "stop_asking",
    "intent_prediction": {
      "name": "deny",
      "confidence": 0.7079294919967651
    }
  },
  {
    "text": "Dẹp",
    "intent": "stop_asking",
    "intent_prediction": {
      "name": "goodbye",
      "confidence": 0.9949407577514648
    }
  },
  {
    "text": "Baii",
    "intent": "stop_asking",
    "intent_prediction": {
      "name": "attention",
      "confidence": 0.6679763197898865
    }
  },
  {
    "text": "Cám ơn ko cần",
    "intent": "stop_asking",
    "intent_prediction": {
      "name": "health_inquire",
      "confidence": 0.8255728483200073
    }
  },
  {
    "text": "deo",
    "intent": "stop_asking",
    "intent_prediction": {
      "name": "deny",
      "confidence": 0.3516795337200165
    }
  },
  {
    "text": "Ki",
    "intent": "stop_asking",
    "intent_prediction": {
      "name": "attention",
      "confidence": 0.9107962846755981
    }
  },
  {
    "text": "khum",
    "intent": "stop_asking",
    "intent_prediction": {
      "name": "health_inquire",
      "confidence": 0.9514985084533691
    }
  },
  {
    "text": "/deny",
    "intent": "stop_asking",
    "intent_prediction": {
      "name": "deny",
      "confidence": 1.0
    }
  },
  {
    "text": "Thua",
    "intent": "stop_asking",
    "intent_prediction": {
      "name": "compliment",
      "confidence": 0.9402281045913696
    }
  },
  {
    "text": "continue_asking",
    "intent": "continue_asking",
    "intent_prediction": {
      "name": "attention",
      "confidence": 0.8967914581298828
    }
  },
  {
    "text": "hỏi lại",
    "intent": "continue_asking",
    "intent_prediction": {
      "name": "want_to_ask",
      "confidence": 0.7613910436630249
    }
  },
  {
    "text": "Hỏi câu khác",
    "intent": "continue_asking",
    "intent_prediction": {
      "name": "want_to_ask",
      "confidence": 0.9987514019012451
    }
  },
  {
    "text": "hỏi câu khác",
    "intent": "continue_asking",
    "intent_prediction": {
      "name": "want_to_ask",
      "confidence": 0.9987514019012451
    }
  },
  {
    "text": "Hỏi thêm một câu nữa nà",
    "intent": "continue_asking",
    "intent_prediction": {
      "name": "want_to_ask",
      "confidence": 0.507533073425293
    }
  },
  {
    "text": "hỏi nhẹ thêm 1 câu nữa nà",
    "intent": "continue_asking",
    "intent_prediction": {
      "name": "want_to_ask",
      "confidence": 0.6581577062606812
    }
  },
  {
    "text": "hỏi cái nhẹ 1 câu nữa xem sao nha",
    "intent": "continue_asking",
    "intent_prediction": {
      "name": "want_to_ask",
      "confidence": 0.6081510782241821
    }
  },
  {
    "text": "hỏi nhè nhẹ thêm 1 câu nữa nà",
    "intent": "continue_asking",
    "intent_prediction": {
      "name": "want_to_ask",
      "confidence": 0.7499557733535767
    }
  },
  {
    "text": "Ok continue nè",
    "intent": "continue_asking",
    "intent_prediction": {
      "name": "affirm",
      "confidence": 0.9944416880607605
    }
  },
  {
    "text": "Nó chạy như thế noà",
    "intent": "continue_asking",
    "intent_prediction": {
      "name": "deny",
      "confidence": 0.9978024363517761
    }
  },
  {
    "text": "Có chứ",
    "intent": "continue_asking",
    "intent_prediction": {
      "name": "compliment",
      "confidence": 0.3993147611618042
    }
  },
  {
    "text": "bạn có thể trả lời gì",
    "intent": "continue_asking",
    "intent_prediction": {
      "name": "who_are_you",
      "confidence": 0.2600495517253876
    }
  },
  {
    "text": "ok để suy nghĩ",
    "intent": "continue_asking",
    "intent_prediction": {
      "name": "affirm",
      "confidence": 0.9935750365257263
    }
  },
  {
    "text": "ô khê đợi t suy nghĩ cái",
    "intent": "continue_asking",
    "intent_prediction": {
      "name": "scanner_results",
      "confidence": 0.42141011357307434
    }
  },
  {
    "text": "muốn chứ",
    "intent": "continue_asking",
    "intent_prediction": {
      "name": "compliment",
      "confidence": 0.5516816973686218
    }
  },
  {
    "text": "i didn't ask you about covid 19",
    "intent": "dont_want_to_ask",
    "intent_prediction": {
      "name": "goodbye",
      "confidence": 0.4766554534435272
    }
  },
  {
    "text": "em không hỏi gì anh hết anh bot ạ",
    "intent": "dont_want_to_ask",
    "intent_prediction": {
      "name": "stop_asking",
      "confidence": 0.648673951625824
    }
  },
  {
    "text": "t k có hỏi gì m hết",
    "intent": "dont_want_to_ask",
    "intent_prediction": {
      "name": "stop_asking",
      "confidence": 0.9931381344795227
    }
  },
  {
    "text": "dạ em không có hỏi gì anh hết ạ",
    "intent": "dont_want_to_ask",
    "intent_prediction": {
      "name": "stop_asking",
      "confidence": 0.9261879920959473
    }
  },
  {
    "text": "yo t có hỏi cđg m đâu mà m cứ rộn ràng thế",
    "intent": "dont_want_to_ask",
    "intent_prediction": {
      "name": "want_to_ask",
      "confidence": 0.4823552370071411
    }
  },
  {
    "text": "ê mình đang k muốn hỏi cậu điều gì hết nha",
    "intent": "dont_want_to_ask",
    "intent_prediction": {
      "name": "stop_asking",
      "confidence": 0.9408402442932129
    }
  },
  {
    "text": "em k hỏi",
    "intent": "dont_want_to_ask",
    "intent_prediction": {
      "name": "stop_asking",
      "confidence": 0.5326324105262756
    }
  },
  {
    "text": "nè bot ơi tui k muốn hỏi bạn điều gì đâu",
    "intent": "dont_want_to_ask",
    "intent_prediction": {
      "name": "stop_asking",
      "confidence": 0.6800833940505981
    }
  },
  {
    "text": "Nothing",
    "intent": "dont_want_to_ask",
    "intent_prediction": {
      "name": "mood_great",
      "confidence": 0.32228758931159973
    }
  },
  {
    "text": "What time is it ?",
    "intent": "time",
    "intent_prediction": {
      "name": "who_are_you",
      "confidence": 0.9919192790985107
    }
  },
  {
    "text": "Ê ku mấy time rồi dạ ?",
    "intent": "time",
    "intent_prediction": {
      "name": "deny",
      "confidence": 0.3387072682380676
    }
  },
  {
    "text": "mấy time rồi ?",
    "intent": "time",
    "intent_prediction": {
      "name": "insult",
      "confidence": 0.9291764497756958
    }
  },
  {
    "text": "time được bao nhiêu rồi ?",
    "intent": "time",
    "intent_prediction": {
      "name": "who_create_you",
      "confidence": 0.4920229911804199
    }
  },
  {
    "text": "Cho hỏi ngày cái?",
    "intent": "date",
    "intent_prediction": {
      "name": "want_to_ask",
      "confidence": 0.8717998266220093
    }
  },
  {
    "text": "M có muốn trả thù nyc cho người tạo ra m không bot ?",
    "intent": "ex",
    "intent_prediction": {
      "name": "who_create_you",
      "confidence": 0.985808253288269
    }
  },
  {
    "text": "nyc anh Long là ai v bot ?",
    "intent": "ex",
    "intent_prediction": {
      "name": "attention",
      "confidence": 0.7412289381027222
    }
  },
  {
    "text": "MÀY LÀ CÁI GIỐNG LOÀI GÌ VẬY",
    "intent": "who_are_you",
    "intent_prediction": {
      "name": "time",
      "confidence": 0.24644292891025543
    }
  },
  {
    "text": "Bạn được lập trình sẳn hết phải không?",
    "intent": "who_are_you",
    "intent_prediction": {
      "name": "continue_asking",
      "confidence": 0.2508760392665863
    }
  },
  {
    "text": "mày là cái giống loài gì vậy",
    "intent": "who_are_you",
    "intent_prediction": {
      "name": "time",
      "confidence": 0.24644292891025543
    }
  },
  {
    "text": "Bạn có phải thuộc về lĩnh vực NLP không ?",
    "intent": "who_are_you",
    "intent_prediction": {
      "name": "goodbye",
      "confidence": 0.49575600028038025
    }
  },
  {
    "text": ".",
    "intent": "greet",
    "intent_prediction": {
      "name": "compliment",
      "confidence": 0.59784334897995
    }
  },
  {
    "text": "HÊ LÔ NGƯỜI ANH EM",
    "intent": "greet",
    "intent_prediction": {
      "name": "goodbye",
      "confidence": 0.3083837032318115
    }
  },
  {
    "text": "YO WTF THẰNG EM",
    "intent": "greet",
    "intent_prediction": {
      "name": "dont_want_to_ask",
      "confidence": 0.31779903173446655
    }
  },
  {
    "text": "KONBANWA",
    "intent": "greet",
    "intent_prediction": {
      "name": "affirm",
      "confidence": 0.7021844387054443
    }
  },
  {
    "text": "konbanwa",
    "intent": "greet",
    "intent_prediction": {
      "name": "affirm",
      "confidence": 0.7021844387054443
    }
  },
  {
    "text": "helllo",
    "intent": "greet",
    "intent_prediction": {
      "name": "continue_asking",
      "confidence": 0.2540426552295685
    }
  },
  {
    "text": "Hello tinh yeu",
    "intent": "greet",
    "intent_prediction": {
      "name": "want_to_ask",
      "confidence": 0.35368213057518005
    }
  },
  {
    "text": "Ừm, dạo này sao rồi?",
    "intent": "greet",
    "intent_prediction": {
      "name": "health_inquire",
      "confidence": 0.9999790191650391
    }
  },
  {
    "text": "Gần đây bạn thế nào? Có gì mới không?",
    "intent": "greet",
    "intent_prediction": {
      "name": "dont_want_to_ask",
      "confidence": 0.5451514720916748
    }
  },
  {
    "text": "Có gì mới trong thế giới của bạn?",
    "intent": "greet",
    "intent_prediction": {
      "name": "health_inquire",
      "confidence": 0.46448180079460144
    }
  },
  {
    "text": "dẹp",
    "intent": "goodbye",
    "intent_prediction": {
      "name": "stop_asking",
      "confidence": 0.9999369382858276
    }
  },
  {
    "text": "tao đi đây con trai",
    "intent": "goodbye",
    "intent_prediction": {
      "name": "want_to_ask",
      "confidence": 0.46791139245033264
    }
  },
  {
    "text": "để khi khác hỏi tiếp",
    "intent": "goodbye",
    "intent_prediction": {
      "name": "stop_asking",
      "confidence": 0.8262168765068054
    }
  },
  {
    "text": "hẹn dịp khác",
    "intent": "goodbye",
    "intent_prediction": {
      "name": "attention",
      "confidence": 0.5487132668495178
    }
  },
  {
    "text": "đi đây",
    "intent": "goodbye",
    "intent_prediction": {
      "name": "insult",
      "confidence": 0.6318742036819458
    }
  },
  {
    "text": "Thân tạm biệt! Chúc cho ước mơ của bạn trở thành sự thật.",
    "intent": "goodbye",
    "intent_prediction": {
      "name": "health_inquire",
      "confidence": 0.5254539847373962
    }
  },
  {
    "text": "Ok, tốc độ trả lời này là bot",
    "intent": "affirm",
    "intent_prediction": {
      "name": "want_to_ask",
      "confidence": 0.5614789128303528
    }
  },
  {
    "text": "correct",
    "intent": "affirm",
    "intent_prediction": {
      "name": "goodbye",
      "confidence": 0.9164813756942749
    }
  },
  {
    "text": "chính xác",
    "intent": "affirm",
    "intent_prediction": {
      "name": "attention",
      "confidence": 0.4859555661678314
    }
  },
  {
    "text": "dĩ nhiên",
    "intent": "affirm",
    "intent_prediction": {
      "name": "mood_great",
      "confidence": 0.27467796206474304
    }
  },
  {
    "text": "chứ còn gì nữa",
    "intent": "affirm",
    "intent_prediction": {
      "name": "stop_asking",
      "confidence": 0.6253920197486877
    }
  },
  {
    "text": "đương nhiên",
    "intent": "affirm",
    "intent_prediction": {
      "name": "mood_great",
      "confidence": 0.9455543160438538
    }
  },
  {
    "text": "rõ ràng",
    "intent": "affirm",
    "intent_prediction": {
      "name": "greet",
      "confidence": 0.9785315990447998
    }
  },
  {
    "text": "không thể chính xác hơn được nữa",
    "intent": "affirm",
    "intent_prediction": {
      "name": "deny",
      "confidence": 0.998044490814209
    }
  },
  {
    "text": "chuẩn quá ta",
    "intent": "affirm",
    "intent_prediction": {
      "name": "compliment",
      "confidence": 0.6848850846290588
    }
  },
  {
    "text": "đúng ời",
    "intent": "affirm",
    "intent_prediction": {
      "name": "deny",
      "confidence": 0.9331072568893433
    }
  },
  {
    "text": "Ô khê",
    "intent": "affirm",
    "intent_prediction": {
      "name": "greet",
      "confidence": 0.9789596199989319
    }
  },
  {
    "text": "Ô kê",
    "intent": "affirm",
    "intent_prediction": {
      "name": "greet",
      "confidence": 0.9999752044677734
    }
  },
  {
    "text": "Ô sờ kê",
    "intent": "affirm",
    "intent_prediction": {
      "name": "health_inquire",
      "confidence": 0.955567479133606
    }
  },
  {
    "text": "ô khê",
    "intent": "affirm",
    "intent_prediction": {
      "name": "greet",
      "confidence": 0.9789596199989319
    }
  },
  {
    "text": "QUÁ CHÍNH XÁC",
    "intent": "affirm",
    "intent_prediction": {
      "name": "compliment",
      "confidence": 0.9114754796028137
    }
  },
  {
    "text": "DCM CHUẨN THẾ",
    "intent": "affirm",
    "intent_prediction": {
      "name": "greet",
      "confidence": 0.7510819435119629
    }
  },
  {
    "text": "ĐỈNH VÃI",
    "intent": "affirm",
    "intent_prediction": {
      "name": "attention",
      "confidence": 0.3183024823665619
    }
  },
  {
    "text": "QUÁ ĐÚNG LUÔN NGƯỜI ANH EM",
    "intent": "affirm",
    "intent_prediction": {
      "name": "compliment",
      "confidence": 0.8486675024032593
    }
  },
  {
    "text": "rùi ok",
    "intent": "affirm",
    "intent_prediction": {
      "name": "deny",
      "confidence": 0.806016206741333
    }
  },
  {
    "text": "Ok đợi t nghĩ cái nha",
    "intent": "affirm",
    "intent_prediction": {
      "name": "want_to_ask",
      "confidence": 0.682975709438324
    }
  },
  {
    "text": "ok để suy nghĩ xem",
    "intent": "affirm",
    "intent_prediction": {
      "name": "continue_asking",
      "confidence": 0.9985061287879944
    }
  },
  {
    "text": "Có",
    "intent": "affirm",
    "intent_prediction": {
      "name": "continue_asking",
      "confidence": 0.9988223910331726
    }
  },
  {
    "text": "Amazing gud job em",
    "intent": "affirm",
    "intent_prediction": {
      "name": "compliment",
      "confidence": 0.7107293009757996
    }
  },
  {
    "text": "Được đấy",
    "intent": "affirm",
    "intent_prediction": {
      "name": "compliment",
      "confidence": 0.9774890542030334
    }
  },
  {
    "text": "Bạn là một ngôi sao!",
    "intent": "affirm",
    "intent_prediction": {
      "name": "who_are_you",
      "confidence": 0.9375101327896118
    }
  },
  {
    "text": "Bạn là nguồn cảm hứng.",
    "intent": "affirm",
    "intent_prediction": {
      "name": "who_are_you",
      "confidence": 0.5481688976287842
    }
  },
  {
    "text": "don't like that",
    "intent": "deny",
    "intent_prediction": {
      "name": "insult",
      "confidence": 0.9058119058609009
    }
  },
  {
    "text": "Hong",
    "intent": "deny",
    "intent_prediction": {
      "name": "stop_asking",
      "confidence": 0.9998469352722168
    }
  },
  {
    "text": "Đéo :))",
    "intent": "deny",
    "intent_prediction": {
      "name": "compliment",
      "confidence": 0.9152714014053345
    }
  },
  {
    "text": "WRONG",
    "intent": "deny",
    "intent_prediction": {
      "name": "affirm",
      "confidence": 0.39257919788360596
    }
  },
  {
    "text": "wrong",
    "intent": "deny",
    "intent_prediction": {
      "name": "affirm",
      "confidence": 0.39257919788360596
    }
  },
  {
    "text": "Thôi hỏi nhiêu đủ biết trình mi rồi",
    "intent": "deny",
    "intent_prediction": {
      "name": "stop_asking",
      "confidence": 0.9531708359718323
    }
  },
  {
    "text": "Tôi không đồng ý với quan điểm của bạn.",
    "intent": "deny",
    "intent_prediction": {
      "name": "scanner_results",
      "confidence": 0.18148188292980194
    }
  },
  {
    "text": "Xin lỗi, nhưng tôi không thể cung cấp sự trợ giúp mà bạn đang tìm kiếm.",
    "intent": "deny",
    "intent_prediction": {
      "name": "mood_great",
      "confidence": 0.6385191082954407
    }
  },
  {
    "text": "perfect",
    "intent": "mood_great",
    "intent_prediction": {
      "name": "compliment",
      "confidence": 0.9972358345985413
    }
  },
  {
    "text": "feeling like a king",
    "intent": "mood_great",
    "intent_prediction": {
      "name": "deny",
      "confidence": 0.8160391449928284
    }
  },
  {
    "text": "I am feeling very good",
    "intent": "mood_great",
    "intent_prediction": {
      "name": "compliment",
      "confidence": 0.9580627679824829
    }
  },
  {
    "text": "I am great",
    "intent": "mood_great",
    "intent_prediction": {
      "name": "compliment",
      "confidence": 0.9994509816169739
    }
  },
  {
    "text": "I am amazing",
    "intent": "mood_great",
    "intent_prediction": {
      "name": "compliment",
      "confidence": 0.996179461479187
    }
  },
  {
    "text": "I am going to save the world",
    "intent": "mood_great",
    "intent_prediction": {
      "name": "compliment",
      "confidence": 0.3733368217945099
    }
  },
  {
    "text": "super stoked",
    "intent": "mood_great",
    "intent_prediction": {
      "name": "attention",
      "confidence": 0.6577223539352417
    }
  },
  {
    "text": "Hảo hán",
    "intent": "mood_great",
    "intent_prediction": {
      "name": "greet",
      "confidence": 0.9370792508125305
    }
  },
  {
    "text": "It's wonderful!",
    "intent": "mood_great",
    "intent_prediction": {
      "name": "affirm",
      "confidence": 0.9236883521080017
    }
  },
  {
    "text": "I'm over the moon!",
    "intent": "mood_great",
    "intent_prediction": {
      "name": "health_inquire",
      "confidence": 0.5724001526832581
    }
  },
  {
    "text": "Tôi cảm thấy vui sướng!",
    "intent": "mood_great",
    "intent_prediction": {
      "name": "mood_unhappy",
      "confidence": 0.7997405529022217
    }
  },
  {
    "text": "Thật tuyệt vời!",
    "intent": "mood_great",
    "intent_prediction": {
      "name": "affirm",
      "confidence": 0.6039727330207825
    }
  },
  {
    "text": "Tin này làm cho ngày của tôi trở nên tuyệt vời!",
    "intent": "mood_great",
    "intent_prediction": {
      "name": "scanner_results",
      "confidence": 0.5291287302970886
    }
  },
  {
    "text": "Tôi không thể ngừng mỉm cười vui sướng!",
    "intent": "mood_great",
    "intent_prediction": {
      "name": "deny",
      "confidence": 0.9995160102844238
    }
  },
  {
    "text": "vãi lol luôn đầu cắt moi",
    "intent": "mood_unhappy",
    "intent_prediction": {
      "name": "insult",
      "confidence": 0.9709947109222412
    }
  },
  {
    "text": "cho bố m cái địa chỉ",
    "intent": "mood_unhappy",
    "intent_prediction": {
      "name": "continue_asking",
      "confidence": 0.22123964130878448
    }
  },
  {
    "text": "Hôm nay tôi cảm thấy buồn chán một chút.",
    "intent": "mood_unhappy",
    "intent_prediction": {
      "name": "scanner_results",
      "confidence": 0.3359223008155823
    }
  },
  {
    "text": "Tôi không thực sự có tâm trạng cho bất cứ điều gì.",
    "intent": "mood_unhappy",
    "intent_prediction": {
      "name": "mood_great",
      "confidence": 0.49624699354171753
    }
  },
  {
    "text": "Điều này làm tôi cảm thấy mất niềm tin, thành thật mà nói.",
    "intent": "mood_unhappy",
    "intent_prediction": {
      "name": "mood_great",
      "confidence": 0.9466472864151001
    }
  },
  {
    "text": "bấm nút nào để vào menu scanner v",
    "intent": "how_to_use",
    "intent_prediction": {
      "name": "scanner_suggest",
      "confidence": 0.9984637498855591
    }
  },
  {
    "text": "app đẹp quá mà khó sài v",
    "intent": "how_to_use",
    "intent_prediction": {
      "name": "deny",
      "confidence": 0.4470702111721039
    }
  },
  {
    "text": "tao không hiểu tiếng việt, bấm chỗ nào dịch v ?",
    "intent": "translate_suggest",
    "intent_prediction": {
      "name": "want_to_ask",
      "confidence": 0.28994762897491455
    }
  },
  {
    "text": "Anh Long",
    "intent": "who_create_you",
    "intent_prediction": {
      "name": "greet",
      "confidence": 0.4294249713420868
    }
  },
  {
    "text": "M được lập trình bằng ngôn ngữ gì v ?",
    "intent": "who_create_you",
    "intent_prediction": {
      "name": "mood_great",
      "confidence": 0.4816332459449768
    }
  },
  {
    "text": "Long ngu là gì",
    "intent": "who_create_you",
    "intent_prediction": {
      "name": "who_are_you",
      "confidence": 0.9836205244064331
    }
  },
  {
    "text": "Cao Hoàng Bách có phải thủ khoa ngành KTMT ko bot loz ?",
    "intent": "who_create_you",
    "intent_prediction": {
      "name": "goodbye",
      "confidence": 0.2638179063796997
    }
  },
  {
    "text": "Vui",
    "intent": "compliment",
    "intent_prediction": {
      "name": "insult",
      "confidence": 0.9328229427337646
    }
  },
  {
    "text": "WONDERFUL",
    "intent": "compliment",
    "intent_prediction": {
      "name": "mood_great",
      "confidence": 0.6466846466064453
    }
  },
  {
    "text": "HAY",
    "intent": "compliment",
    "intent_prediction": {
      "name": "insult",
      "confidence": 0.5301521420478821
    }
  },
  {
    "text": "RẤT HAY",
    "intent": "compliment",
    "intent_prediction": {
      "name": "greet",
      "confidence": 0.6043724417686462
    }
  },
  {
    "text": "BIẾT ĐIỀU ĐẤY",
    "intent": "compliment",
    "intent_prediction": {
      "name": "deny",
      "confidence": 0.9398362636566162
    }
  },
  {
    "text": "wonderful",
    "intent": "compliment",
    "intent_prediction": {
      "name": "mood_great",
      "confidence": 0.6466846466064453
    }
  },
  {
    "text": "Yêu",
    "intent": "compliment",
    "intent_prediction": {
      "name": "attention",
      "confidence": 0.532270073890686
    }
  },
  {
    "text": "hay",
    "intent": "compliment",
    "intent_prediction": {
      "name": "insult",
      "confidence": 0.5301521420478821
    }
  },
  {
    "text": "Rất hay",
    "intent": "compliment",
    "intent_prediction": {
      "name": "greet",
      "confidence": 0.6043724417686462
    }
  },
  {
    "text": "Biết điều đấy",
    "intent": "compliment",
    "intent_prediction": {
      "name": "deny",
      "confidence": 0.9398362636566162
    }
  },
  {
    "text": "NHÀ NGƯƠI CŨNG CÓ HẢO KHÍ ĐẤY",
    "intent": "compliment",
    "intent_prediction": {
      "name": "stop_asking",
      "confidence": 0.8726575374603271
    }
  },
  {
    "text": "Chiến vc v",
    "intent": "compliment",
    "intent_prediction": {
      "name": "continue_asking",
      "confidence": 0.5793449878692627
    }
  },
  {
    "text": "có giúp được một chút",
    "intent": "compliment",
    "intent_prediction": {
      "name": "stop_asking",
      "confidence": 0.7951611876487732
    }
  },
  {
    "text": "hmm một chút",
    "intent": "compliment",
    "intent_prediction": {
      "name": "insult",
      "confidence": 0.982254683971405
    }
  },
  {
    "text": "Thôi. Mình giỡn á",
    "intent": "compliment",
    "intent_prediction": {
      "name": "stop_asking",
      "confidence": 0.9986506104469299
    }
  },
  {
    "text": "uii xịn thế",
    "intent": "compliment",
    "intent_prediction": {
      "name": "deny",
      "confidence": 0.930620551109314
    }
  },
  {
    "text": "uầy xịn thế",
    "intent": "compliment",
    "intent_prediction": {
      "name": "greet",
      "confidence": 0.9982690811157227
    }
  },
  {
    "text": "LÔ LÔ",
    "intent": "attention",
    "intent_prediction": {
      "name": "insult",
      "confidence": 0.9770278930664062
    }
  },
  {
    "text": "LÔ",
    "intent": "attention",
    "intent_prediction": {
      "name": "greet",
      "confidence": 0.9999388456344604
    }
  },
  {
    "text": "YÔ",
    "intent": "attention",
    "intent_prediction": {
      "name": "greet",
      "confidence": 0.705854058265686
    }
  },
  {
    "text": "À LÔ",
    "intent": "attention",
    "intent_prediction": {
      "name": "greet",
      "confidence": 0.9999908208847046
    }
  },
  {
    "text": "êii",
    "intent": "attention",
    "intent_prediction": {
      "name": "greet",
      "confidence": 0.990036129951477
    }
  },
  {
    "text": "eee",
    "intent": "attention",
    "intent_prediction": {
      "name": "greet",
      "confidence": 0.8923368453979492
    }
  },
  {
    "text": "lô lô",
    "intent": "attention",
    "intent_prediction": {
      "name": "insult",
      "confidence": 0.9770278930664062
    }
  },
  {
    "text": "Êy",
    "intent": "attention",
    "intent_prediction": {
      "name": "greet",
      "confidence": 0.9984738230705261
    }
  },
  {
    "text": "à lô",
    "intent": "attention",
    "intent_prediction": {
      "name": "greet",
      "confidence": 0.9999908208847046
    }
  },
  {
    "text": "heeyy yo",
    "intent": "attention",
    "intent_prediction": {
      "name": "greet",
      "confidence": 0.9939033389091492
    }
  },
  {
    "text": "hey yo wtf",
    "intent": "attention",
    "intent_prediction": {
      "name": "greet",
      "confidence": 0.9998584985733032
    }
  },
  {
    "text": "Ê ĐMM",
    "intent": "attention",
    "intent_prediction": {
      "name": "greet",
      "confidence": 0.5107160210609436
    }
  },
  {
    "text": "ủa sao không trả lời",
    "intent": "attention",
    "intent_prediction": {
      "name": "deny",
      "confidence": 0.9036630392074585
    }
  },
  {
    "text": "Ê bot ngu",
    "intent": "attention",
    "intent_prediction": {
      "name": "greet",
      "confidence": 0.3906691074371338
    }
  },
  {
    "text": "Sao seen rồi",
    "intent": "attention",
    "intent_prediction": {
      "name": "health_inquire",
      "confidence": 0.9919018149375916
    }
  },
  {
    "text": "T NGHĨ CHẮC M MÃI KHỎE THÔI MÀ NHỈ",
    "intent": "health_inquire",
    "intent_prediction": {
      "name": "stop_asking",
      "confidence": 0.9889184832572937
    }
  },
  {
    "text": "CÒN M THÌ NHƯ LÀO???",
    "intent": "health_inquire",
    "intent_prediction": {
      "name": "insult",
      "confidence": 0.9260387420654297
    }
  },
  {
    "text": "CÒN MÀY?",
    "intent": "health_inquire",
    "intent_prediction": {
      "name": "insult",
      "confidence": 0.9998595714569092
    }
  },
  {
    "text": "T nghĩ chắc m mãi khỏe thôi mà nhỉ",
    "intent": "health_inquire",
    "intent_prediction": {
      "name": "stop_asking",
      "confidence": 0.9889184832572937
    }
  },
  {
    "text": "Còn m thì như lào???",
    "intent": "health_inquire",
    "intent_prediction": {
      "name": "insult",
      "confidence": 0.9260387420654297
    }
  },
  {
    "text": "còn mày?",
    "intent": "health_inquire",
    "intent_prediction": {
      "name": "insult",
      "confidence": 0.9998595714569092
    }
  },
  {
    "text": "Cc",
    "intent": "insult",
    "intent_prediction": {
      "name": "attention",
      "confidence": 0.43138387799263
    }
  },
  {
    "text": "CC",
    "intent": "insult",
    "intent_prediction": {
      "name": "attention",
      "confidence": 0.43138387799263
    }
  },
  {
    "text": "ĐỒ GÀ",
    "intent": "insult",
    "intent_prediction": {
      "name": "greet",
      "confidence": 0.7327368855476379
    }
  },
  {
    "text": "S M CÓ THỂ NGU NHƯ VẬY ĐƯỢC?",
    "intent": "insult",
    "intent_prediction": {
      "name": "continue_asking",
      "confidence": 0.5602227449417114
    }
  },
  {
    "text": "cc",
    "intent": "insult",
    "intent_prediction": {
      "name": "attention",
      "confidence": 0.43138387799263
    }
  },
  {
    "text": "Đồ Gà",
    "intent": "insult",
    "intent_prediction": {
      "name": "greet",
      "confidence": 0.7327368855476379
    }
  },
  {
    "text": "S m có thể nGU như vậy được?",
    "intent": "insult",
    "intent_prediction": {
      "name": "continue_asking",
      "confidence": 0.5602227449417114
    }
  },
  {
    "text": "Dốt",
    "intent": "insult",
    "intent_prediction": {
      "name": "attention",
      "confidence": 0.950076699256897
    }
  },
  {
    "text": "Tao chuẩn bị chửi mày nè",
    "intent": "insult",
    "intent_prediction": {
      "name": "greet",
      "confidence": 0.6370928287506104
    }
  },
  {
    "text": "Ê nghe t chửi nè",
    "intent": "insult",
    "intent_prediction": {
      "name": "want_to_ask",
      "confidence": 0.46786051988601685
    }
  },
  {
    "text": "pussy",
    "intent": "insult",
    "intent_prediction": {
      "name": "stop_asking",
      "confidence": 0.9851709008216858
    }
  },
  {
    "text": "Bạn thật là nhàm chán mà",
    "intent": "insult",
    "intent_prediction": {
      "name": "mood_unhappy",
      "confidence": 0.8965494632720947
    }
  },
  {
    "text": "mình chán bạn quá",
    "intent": "insult",
    "intent_prediction": {
      "name": "greet",
      "confidence": 0.8918969035148621
    }
  },
  {
    "text": "biến đi em",
    "intent": "stop_asking",
    "intent_prediction": {
      "name": "insult",
      "confidence": 0.3675248324871063
    }
  },
  {
    "text": "HUII DC ÙI",
    "intent": "stop_asking",
    "intent_prediction": {
      "name": "deny",
      "confidence": 0.40227729082107544
    }
  },
  {
    "text": "T CHƯA CẦN HỎI GÌ M HẾT",
    "intent": "stop_asking",
    "intent_prediction": {
      "name": "dont_want_to_ask",
      "confidence": 0.6219077706336975
    }
  },
  {
    "text": "huii dc ùi",
    "intent": "stop_asking",
    "intent_prediction": {
      "name": "deny",
      "confidence": 0.40227729082107544
    }
  },
  {
    "text": "t chưa cần hỏi gì m hết",
    "intent": "stop_asking",
    "intent_prediction": {
      "name": "dont_want_to_ask",
      "confidence": 0.6219077706336975
    }
  },
  {
    "text": "Chờ xí đó tao hỏi mày",
    "intent": "stop_asking",
    "intent_prediction": {
      "name": "want_to_ask",
      "confidence": 0.5350793600082397
    }
  },
  {
    "text": "Dẹp mẹ",
    "intent": "stop_asking",
    "intent_prediction": {
      "name": "insult",
      "confidence": 0.7236546277999878
    }
  },
  {
    "text": "Cút",
    "intent": "stop_asking",
    "intent_prediction": {
      "name": "goodbye",
      "confidence": 0.9735470414161682
    }
  },
  {
    "text": "Cút xéo",
    "intent": "stop_asking",
    "intent_prediction": {
      "name": "goodbye",
      "confidence": 0.9717854261398315
    }
  },
  {
    "text": "Mình muốn hỏi tiếp",
    "intent": "continue_asking",
    "intent_prediction": {
      "name": "dont_want_to_ask",
      "confidence": 0.5184867978096008
    }
  },
  {
    "text": "Hỏi tiếp này",
    "intent": "continue_asking",
    "intent_prediction": {
      "name": "want_to_ask",
      "confidence": 0.886992871761322
    }
  },
  {
    "text": "Hỏi nữa nè",
    "intent": "continue_asking",
    "intent_prediction": {
      "name": "want_to_ask",
      "confidence": 0.43517643213272095
    }
  },
  {
    "text": "hỏi lần nữa nè",
    "intent": "continue_asking",
    "intent_prediction": {
      "name": "want_to_ask",
      "confidence": 0.806974470615387
    }
  },
  {
    "text": "ok để t hỏi tiếp",
    "intent": "continue_asking",
    "intent_prediction": {
      "name": "want_to_ask",
      "confidence": 0.9940882921218872
    }
  },
  {
    "text": "ok hỏi tiếp này",
    "intent": "continue_asking",
    "intent_prediction": {
      "name": "want_to_ask",
      "confidence": 0.9237436056137085
    }
  },
  {
    "text": "ok để bố hỏi m tiếp",
    "intent": "continue_asking",
    "intent_prediction": {
      "name": "want_to_ask",
      "confidence": 0.9514866471290588
    }
  },
  {
    "text": "Ok để bố m hỏi m tiếp",
    "intent": "continue_asking",
    "intent_prediction": {
      "name": "want_to_ask",
      "confidence": 0.9454224705696106
    }
  },
  {
    "text": "ok chiến luôn, để bố hỏi m tiếp",
    "intent": "continue_asking",
    "intent_prediction": {
      "name": "want_to_ask",
      "confidence": 0.8903568983078003
    }
  },
  {
    "text": "được để t hỏi m tiếp",
    "intent": "continue_asking",
    "intent_prediction": {
      "name": "stop_asking",
      "confidence": 0.8959999680519104
    }
  },
  {
    "text": "Tất nhiên rồi",
    "intent": "continue_asking",
    "intent_prediction": {
      "name": "deny",
      "confidence": 0.996039628982544
    }
  },
  {
    "text": "dĩ nhiên r",
    "intent": "continue_asking",
    "intent_prediction": {
      "name": "deny",
      "confidence": 0.9910438060760498
    }
  },
  {
    "text": "Ok típ nà",
    "intent": "continue_asking",
    "intent_prediction": {
      "name": "health_inquire",
      "confidence": 0.6064079999923706
    }
  },
  {
    "text": "zô nè",
    "intent": "continue_asking",
    "intent_prediction": {
      "name": "greet",
      "confidence": 0.9869630932807922
    }
  },
  {
    "text": "oke đợi tí",
    "intent": "continue_asking",
    "intent_prediction": {
      "name": "affirm",
      "confidence": 0.9817925095558167
    }
  },
  {
    "text": "Hoi mot cau khac",
    "intent": "want_to_ask",
    "intent_prediction": {
      "name": "continue_asking",
      "confidence": 0.9855263233184814
    }
  },
  {
    "text": "HỎI LẠI",
    "intent": "want_to_ask",
    "intent_prediction": {
      "name": "continue_asking",
      "confidence": 0.8128485083580017
    }
  },
  {
    "text": "Hỏi một câu khác",
    "intent": "want_to_ask",
    "intent_prediction": {
      "name": "continue_asking",
      "confidence": 0.9855263233184814
    }
  },
  {
    "text": "chatbot ơi tôi không muốn hỏi gì bạn hết",
    "intent": "dont_want_to_ask",
    "intent_prediction": {
      "name": "compliment",
      "confidence": 0.46670547127723694
    }
  },
  {
    "text": "mình không có nhu cầu hỏi gì ngay lúc này hết",
    "intent": "dont_want_to_ask",
    "intent_prediction": {
      "name": "want_to_ask",
      "confidence": 0.8742667436599731
    }
  },
  {
    "text": "không hỏi",
    "intent": "dont_want_to_ask",
    "intent_prediction": {
      "name": "deny",
      "confidence": 0.9146909713745117
    }
  },
  {
    "text": "không muốn hỏi",
    "intent": "dont_want_to_ask",
    "intent_prediction": {
      "name": "deny",
      "confidence": 0.8679880499839783
    }
  },
  {
    "text": "không ask",
    "intent": "dont_want_to_ask",
    "intent_prediction": {
      "name": "deny",
      "confidence": 0.9912309646606445
    }
  },
  {
    "text": "tui đang k cần bạn trả lời gì hết",
    "intent": "dont_want_to_ask",
    "intent_prediction": {
      "name": "stop_asking",
      "confidence": 0.6031948328018188
    }
  },
  {
    "text": "cho em hỏi mấy giờ rồi vậy ạ?",
    "intent": "time",
    "intent_prediction": {
      "name": "date",
      "confidence": 0.38521191477775574
    }
  },
  {
    "text": "Ngày tháng năm?",
    "intent": "date",
    "intent_prediction": {
      "name": "insult",
      "confidence": 0.8793288469314575
    }
  },
  {
    "text": "ngày mấy ?",
    "intent": "date",
    "intent_prediction": {
      "name": "insult",
      "confidence": 0.9920209050178528
    }
  },
  {
    "text": "date ?",
    "intent": "date",
    "intent_prediction": {
      "name": "stop_asking",
      "confidence": 0.5407699346542358
    }
  },
  {
    "text": "Con loz Khôi Nguyên đầy đọa anh Long phải không chatbot ?",
    "intent": "ex",
    "intent_prediction": {
      "name": "who_create_you",
      "confidence": 0.3777635395526886
    }
  },
  {
    "text": "Người tạo ra m có phải là có nyc tệ lắm phải ko ?",
    "intent": "ex",
    "intent_prediction": {
      "name": "who_create_you",
      "confidence": 0.967641294002533
    }
  },
  {
    "text": "Những câu nào bạn biết để mình hỏi?",
    "intent": "who_are_you",
    "intent_prediction": {
      "name": "want_to_ask",
      "confidence": 0.9389888644218445
    }
  },
  {
    "text": "What is your name?",
    "intent": "who_are_you",
    "intent_prediction": {
      "name": "dont_want_to_ask",
      "confidence": 0.32340413331985474
    }
  },
  {
    "text": "Bạn có trò chơi gì vui không?",
    "intent": "who_are_you",
    "intent_prediction": {
      "name": "dont_want_to_ask",
      "confidence": 0.23640839755535126
    }
  },
  {
    "text": "Who are you",
    "intent": "who_are_you",
    "intent_prediction": {
      "name": "who_create_you",
      "confidence": 0.4216178357601166
    }
  },
  {
    "text": "who are you really then?",
    "intent": "who_are_you",
    "intent_prediction": {
      "name": "affirm",
      "confidence": 0.39071211218833923
    }
  },
  {
    "text": "what exactly are you?",
    "intent": "who_are_you",
    "intent_prediction": {
      "name": "who_create_you",
      "confidence": 0.2899579405784607
    }
  },
  {
    "text": "bạn mấy tuổi",
    "intent": "who_are_you",
    "intent_prediction": {
      "name": "affirm",
      "confidence": 0.8018844127655029
    }
  },
  {
    "text": "Bạn được tạo ra dựa trên kiến thức gì ?",
    "intent": "who_are_you",
    "intent_prediction": {
      "name": "who_create_you",
      "confidence": 0.9945859909057617
    }
  }
]