{
  "continue_asking": {
    "precision": 0.7021276595744681,
    "recall": 0.5238095238095238,
    "f1-score": 0.6,
    "support": 63,
    "confused_with": {
      "want_to_ask": 15,
      "affirm": 3
    }
  },
  "scanner_results": {
    "precision": 0.76,
    "recall": 0.95,
    "f1-score": 0.8444444444444444,
    "support": 20,
    "confused_with": {
      "mood_unhappy": 1
    }
  },
  "affirm": {
    "precision": 0.5614035087719298,
    "recall": 0.41025641025641024,
    "f1-score": 0.47407407407407404,
    "support": 78,
    "confused_with": {
      "compliment": 12,
      "greet": 9
    }
  },
  "dont_want_to_ask": {
    "precision": 0.625,
    "recall": 0.5714285714285714,
    "f1-score": 0.5970149253731343,
    "support": 35,
    "confused_with": {
      "stop_asking": 7,
      "deny": 3
    }
  },
  "food_recommender_suggest": {
    "precision": 1.0,
    "recall": 1.0,
    "f1-score": 1.0,
    "support": 19,
    "confused_with": {}
  },
  "scanner_run_model": {
    "precision": 1.0,
    "recall": 1.0,
    "f1-score": 1.0,
    "support": 15,
    "confused_with": {}
  },
  "insult": {
    "precision": 0.8600823045267489,
    "recall": 0.8931623931623932,
    "f1-score": 0.8763102725366877,
    "support": 234,
    "confused_with": {
      "greet": 7,
      "attention": 6
    }
  },
  "date": {
    "precision": 0.7857142857142857,
    "recall": 0.7333333333333333,
    "f1-score": 0.7586206896551724,
    "support": 15,
    "confused_with": {
      "insult": 2,
      "want_to_ask": 1
    }
  },
  "compliment": {
    "precision": 0.6759259259259259,
    "recall": 0.7156862745098039,
    "f1-score": 0.6952380952380952,
    "support": 102,
    "confused_with": {
      "insult": 9,
      "affirm": 4
    }
  },
  "scanner_suggest": {
    "precision": 0.9871794871794872,
    "recall": 0.9871794871794872,
    "f1-score": 0.9871794871794872,
    "support": 78,
    "confused_with": {
      "goodbye": 1
    }
  },
  "mood_unhappy": {
    "precision": 0.6428571428571429,
    "recall": 0.6206896551724138,
    "f1-score": 0.6315789473684211,
    "support": 29,
    "confused_with": {
      "scanner_results": 3,
      "mood_great": 3
    }
  },
  "who_create_you": {
    "precision": 0.926605504587156,
    "recall": 0.8938053097345132,
    "f1-score": 0.9099099099099099,
    "support": 113,
    "confused_with": {
      "who_are_you": 3,
      "insult": 2
    }
  },
  "greet": {
    "precision": 0.7790055248618785,
    "recall": 0.8703703703703703,
    "f1-score": 0.8221574344023324,
    "support": 162,
    "confused_with": {
      "attention": 4,
      "health_inquire": 3
    }
  },
  "translate_suggest": {
    "precision": 0.9523809523809523,
    "recall": 0.9523809523809523,
    "f1-score": 0.9523809523809523,
    "support": 21,
    "confused_with": {
      "want_to_ask": 1
    }
  },
  "time": {
    "precision": 0.8823529411764706,
    "recall": 0.75,
    "f1-score": 0.8108108108108107,
    "support": 20,
    "confused_with": {
      "who_create_you": 1,
      "date": 1
    }
  },
  "goodbye": {
    "precision": 0.7611940298507462,
    "recall": 0.7391304347826086,
    "f1-score": 0.75,
    "support": 69,
    "confused_with": {
      "greet": 3,
      "insult": 3
    }
  },
  "deny": {
    "precision": 0.8760683760683761,
    "recall": 0.9111111111111111,
    "f1-score": 0.8932461873638345,
    "support": 225,
    "confused_with": {
      "affirm": 4,
      "who_are_you": 3
    }
  },
  "health_inquire": {
    "precision": 0.9512195121951219,
    "recall": 0.970954356846473,
    "f1-score": 0.9609856262833675,
    "support": 241,
    "confused_with": {
      "insult": 4,
      "stop_asking": 2
    }
  },
  "mood_great": {
    "precision": 0.6666666666666666,
    "recall": 0.5,
    "f1-score": 0.5714285714285715,
    "support": 60,
    "confused_with": {
      "compliment": 11,
      "mood_unhappy": 6
    }
  },
  "camera": {
    "precision": 1.0,
    "recall": 0.9803921568627451,
    "f1-score": 0.99009900990099,
    "support": 51,
    "confused_with": {
      "who_are_you": 1
    }
  },
  "scanner_gallery": {
    "precision": 1.0,
    "recall": 1.0,
    "f1-score": 1.0,
    "support": 16,
    "confused_with": {}
  },
  "stop_asking": {
    "precision": 0.8588957055214724,
    "recall": 0.8588957055214724,
    "f1-score": 0.8588957055214724,
    "support": 163,
    "confused_with": {
      "deny": 5,
      "dont_want_to_ask": 5
    }
  },
  "how_to_use": {
    "precision": 0.9090909090909091,
    "recall": 0.7142857142857143,
    "f1-score": 0.8,
    "support": 14,
    "confused_with": {
      "deny": 2,
      "health_inquire": 1
    }
  },
  "scanner_load_model": {
    "precision": 1.0,
    "recall": 1.0,
    "f1-score": 1.0,
    "support": 24,
    "confused_with": {}
  },
  "who_are_you": {
    "precision": 0.948051948051948,
    "recall": 0.948051948051948,
    "f1-score": 0.948051948051948,
    "support": 231,
    "confused_with": {
      "who_create_you": 3,
      "time": 2
    }
  },
  "ex": {
    "precision": 1.0,
    "recall": 0.3333333333333333,
    "f1-score": 0.5,
    "support": 6,
    "confused_with": {
      "who_create_you": 3,
      "attention": 1
    }
  },
  "want_to_ask": {
    "precision": 0.8353658536585366,
    "recall": 0.9785714285714285,
    "f1-score": 0.9013157894736842,
    "support": 140,
    "confused_with": {
      "continue_asking": 3
    }
  },
  "attention": {
    "precision": 0.671875,
    "recall": 0.6417910447761194,
    "f1-score": 0.6564885496183207,
    "support": 67,
    "confused_with": {
      "greet": 15,
      "insult": 4
    }
  },
  "accuracy": 0.8498485504110774,
  "macro avg": {
    "precision": 0.8435379728092938,
    "recall": 0.8017364112671688,
    "f1-score": 0.8139368368219896,
    "support": 2311
  },
  "weighted avg": {
    "precision": 0.8458931023767884,
    "recall": 0.8498485504110774,
    "f1-score": 0.8454917152760213,
    "support": 2311
  },
  "micro avg": {
    "precision": 0.8498485504110774,
    "recall": 0.8498485504110774,
    "f1-score": 0.8498485504110774,
    "support": 2311
  }
}